# Семантическое ядро whalewzrd.com, версия 2 (23.09.2026)
# Источники: v1 — подсказки Google (KZ, UZ, UA, US, DE, AE) и Яндекса от 10.09; v2 — подсказки Google по 15 рынкам
# без России: KZ, UZ, BY, KG, TJ, AM, AZ, MD, UA, GE, IL, DE, US, AE, TR, с усиленными блоками «приложения», «инфобизнес» и 204 нишами.
# Вывод сбора: по русскоязычным запросам Google отдаёт почти одни и те же подсказки во всех странах; по рынкам различаются
# только запросы с гео-модификатором (колонка geo=1). Значит, страну надо закрывать не отдельными страницами, а упоминанием
# рынков в тексте и FAQ — отдельная страница под страну считается scaled content abuse.
# intent: commercial — готов купить; trust — ищет, кому доверить, или чинит проблему; tool — считает; howto — делает сам;
# definition — разбирается в терминах; informational — изучает тему. page — целевая страница; /blog — нужна статья.
# blocks: v1 | base | apps | infobiz | niche — из какого блока семян пришла фраза. regions — где Google её подсказал.
# Частотности нет и не будет: подсказки её не отдают, а выдуманные числа проекту запрещены.
query;intent;page;geo;blocks;regions;sources
ведение рекламы в директе заказать;commercial;/blog;0;v1;;yandex
ведение рекламы в директе стоимость;commercial;/blog;0;v1;;yandex
ведение рекламы с аналитикой и отчетами;commercial;/blog;0;v1;;yandex
как найти клиентов на услуги;commercial;/blog;0;v1|base;ae|am|az|by|de|ge|il|kg|kz|md|tj|tr|ua|us|uz;google|google-v2
лидогенерация под ключ;commercial;/blog;0;v1;;yandex
лидогенерация услуги;commercial;/blog;0;v1;;yandex
лиды на бухгалтерские услуги;commercial;/blog;0;niche;kz|us|uz;google-v2
мебель на заказ реклама;commercial;/blog;0;v1;;yandex
настройка рекламы в директе цена;commercial;/blog;0;v1;;yandex
настройка рекламы под ключ;commercial;/blog;0;v1;;google|yandex
настройка рекламы цена;commercial;/blog;0;v1;;google
реклама для бухгалтерских услуг;commercial;/blog;0;v1;;google
реклама для компьютерных услуг;commercial;/blog;0;v1;;yandex
реклама для услуг;commercial;/blog;0;v1;;google
реклама для юридических услуг;commercial;/blog;0;v1;;yandex
реклама на е1 стоимость;commercial;/blog;0;v1;;yandex
как посчитать стоимость рекламы в инстаграм;commercial;/calculator;0;v1;;google
метрика стоимость лида;commercial;/calculator;0;base;ae|am|az|by|de|ge|il|kg|kz|md|tj|tr|ua|us|uz;google-v2
рассчитать стоимость рекламы в инстаграм;commercial;/calculator;0;v1;;google
сколько стоит ведение контекстной рекламы;commercial;/calculator;0;v1;;google
сколько стоит настройка контекстной рекламы;commercial;/calculator;0;v1;;google|yandex
сколько стоит настройка рекламы;commercial;/calculator;0;v1;;google|yandex
сколько стоит настройка рекламы в вк;commercial;/calculator;0;v1;;google
сколько стоит настройка таргета;commercial;/calculator;0;v1;;yandex
сколько стоит настройка таргетированной рекламы;commercial;/calculator;0;v1;;google
сколько стоит реклама в гугл;commercial;/calculator;0;v1;;yandex
сколько стоит реклама в гугл адс;commercial;/calculator;0;v1|base;ae|am|az|by|de|ge|il|kg|kz|md|tj|tr|ua|us|uz;google|google-v2
сколько стоит реклама в гугл картах;commercial;/calculator;0;v1|base;ae|am|az|by|de|ge|il|kg|kz|md|tj|tr|ua|us|uz;google|google-v2
сколько стоит реклама в гугл плей;commercial;/calculator;0;v1|base;ae|am|az|by|de|ge|il|kg|kz|md|tj|tr|ua|us|uz;google|google-v2
сколько стоит реклама в гугл поиске;commercial;/calculator;0;v1|base;ae|am|az|by|de|ge|il|kg|kz|md|tj|tr|ua|us|uz;google|google-v2
сколько стоит реклама в гугле;commercial;/calculator;0;v1|base;ae|am|az|by|de|ge|il|kg|kz|md|tj|tr|ua|us|uz;google|google-v2
сколько стоит реклама в гугле украина;commercial;/calculator;1;v1|base;ae|am|az|by|de|ge|il|kg|kz|md|tj|tr|ua|us|uz;google|google-v2
сколько стоит реклама в инстаграм;commercial;/calculator;0;v1;;yandex
сколько стоит реклама в инстаграм беларусь;commercial;/calculator;1;v1|base;ae|am|az|by|de|ge|il|kg|kz|md|tj|tr|ua|us|uz;google|google-v2
сколько стоит реклама в инстаграм в казахстане;commercial;/calculator;1;v1;;yandex
сколько стоит реклама в инстаграм в сторис;commercial;/calculator;0;v1;;google
сколько стоит реклама в инстаграм в тенге;commercial;/calculator;0;v1;;yandex
сколько стоит реклама в инстаграм казахстан;commercial;/calculator;1;v1|base;ae|am|az|by|de|ge|il|kg|kz|md|tj|tr|ua|us|uz;google|google-v2
сколько стоит реклама в инстаграм на месяц;commercial;/calculator;0;v1|base;ae|am|az|by|de|ge|il|kg|kz|md|tj|tr|ua|us|uz;google|google-v2
сколько стоит реклама в инстаграм таргет;commercial;/calculator;0;v1|base;ae|am|az|by|de|ge|il|kg|kz|md|tj|tr|ua|us|uz;google|google-v2
сколько стоит реклама в инстаграм у блоггеров;commercial;/calculator;0;v1;;yandex
сколько стоит реклама в инстаграм у блогера миллионника;commercial;/calculator;0;v1|base;ae|am|az|by|de|ge|il|kg|kz|md|tj|tr|ua|us|uz;google|google-v2
сколько стоит реклама в инстаграм у блогеров;commercial;/calculator;0;v1|base;ae|am|az|by|de|ge|il|kg|kz|md|tj|tr|ua|us|uz;google|google-v2
сколько стоит реклама в инстаграм украина;commercial;/calculator;1;v1|base;ae|am|az|by|de|ge|il|kg|kz|md|tj|tr|ua|us|uz;google|google-v2
сколько стоит реклама в инстаграм через фейсбук;commercial;/calculator;0;v1|base;ae|am|az|by|de|ge|il|kg|kz|md|tj|tr|ua|us|uz;google|google-v2
сколько стоит реклама в инстаграме;commercial;/calculator;0;v1;;yandex|google
сколько стоит реклама в инстаграме в казахстане;commercial;/calculator;1;v1;;yandex
сколько стоит реклама в инстаграме у блоггеров;commercial;/calculator;0;v1;;yandex
сколько стоит реклама в инстаграме у роналдо;commercial;/calculator;0;v1;;yandex
сколько стоит реклама в инстаграмм;commercial;/calculator;0;v1;;yandex
сколько стоит реклама в инстаграмме;commercial;/calculator;0;v1;;yandex
сколько стоит реклама в инсте;commercial;/calculator;0;v1;;yandex
сколько стоит реклама в фейсбук;commercial;/calculator;0;v1;;google
сколько стоит реклама интернет магазина;commercial;/calculator;0;v1;;google
сколько стоит реклама сайта в гугл;commercial;/calculator;0;v1|base;ae|am|az|by|de|ge|il|kg|kz|md|tj|tr|ua|us|uz;google|google-v2
сколько стоит реклама сайта в гугле;commercial;/calculator;0;v1;;yandex
сколько стоит реклама у блогеров в инстаграм;commercial;/calculator;0;v1;;yandex
сколько стоит таргет;commercial;/calculator;0;v1|base;ae|am|az|by|de|ge|il|kg|kz|md|tj|tr|ua|us|uz;google|yandex|google-v2
сколько стоит таргет в вк;commercial;/calculator;0;v1;;google
сколько стоит таргет в инстаграм;commercial;/calculator;0;v1|base;ae|am|az|by|de|ge|il|kg|kz|md|tj|tr|ua|us|uz;google|yandex|google-v2
сколько стоит таргет в инстаграме;commercial;/calculator;0;base;us;google-v2
сколько стоит таргет вк;commercial;/calculator;0;base;ae|am|az|by|de|ge|il|kg|kz|md|tj|tr|ua|us|uz;google-v2
сколько стоит таргет реклама;commercial;/calculator;0;v1;;yandex
сколько стоит таргет реклама в вк;commercial;/calculator;0;v1;;yandex
сколько стоит таргет реклама в инстаграм;commercial;/calculator;0;v1;;yandex
сколько стоит таргетированная реклама;commercial;/calculator;0;v1|base;ae|am|az|by|de|ge|il|kg|kz|md|tj|tr|ua|us|uz;google|yandex|google-v2
сколько стоит таргетированная реклама в вк;commercial;/calculator;0;v1|base;ae|am|az|by|de|ge|il|kg|kz|md|tj|tr|ua|us|uz;google|yandex|google-v2
сколько стоит таргетированная реклама в вк в месяц;commercial;/calculator;0;v1;;yandex
сколько стоит таргетированная реклама в инстаграм;commercial;/calculator;0;v1|base;ae|am|az|by|de|ge|il|kg|kz|md|tj|tr|ua|us|uz;google|google-v2
сколько стоит таргетолог;commercial;/calculator;0;v1|base;ae|am|az|by|de|ge|il|kg|kz|md|tj|tr|ua|us|uz;google|google-v2
сколько стоит таргетолог в вк;commercial;/calculator;0;v1|base;ae|am|az|by|de|ge|il|kg|kz|md|tj|tr|ua|us|uz;google|google-v2
сколько стоит таргетолог в месяц;commercial;/calculator;0;v1|base;ae|am|az|by|de|ge|il|kg|kz|md|tj|tr|ua|us|uz;google|google-v2
стоимость лида;commercial;/calculator;0;v1|base;ae|am|az|by|ge|il|kg|kz|md|tj|tr|us|uz;google|yandex|google-v2
стоимость лида аббревиатура;commercial;/calculator;0;v1;;yandex
стоимость лида в маркетинге;commercial;/calculator;0;v1|base;ae|am|az|by|de|ge|il|kg|kz|md|tj|tr|ua|us|uz;google|yandex|google-v2
стоимость лида в недвижимости;commercial;/calculator;0;v1|base;ae|am|az|by|de|ge|il|kg|kz|md|tj|tr|ua|us|uz;google|yandex|google-v2
стоимость лида как рассчитать;commercial;/calculator;0;base;de|ua;google-v2
стоимость лида метрика;commercial;/calculator;0;v1;;google
стоимость лида формула;commercial;/calculator;0;v1|base;ae|am|az|by|de|ge|il|kg|kz|md|tj|tr|ua|us|uz;google|yandex|google-v2
стоимость лида что это;commercial;/calculator;0;v1;;yandex
стоимость лида это;commercial;/calculator;0;v1|base;ae|am|az|by|de|ge|il|kg|kz|md|tj|tr|ua|us|uz;google|yandex|google-v2
стоимость лида cpl;commercial;/calculator;0;v1|base;ae|am|az|by|de|ge|il|kg|kz|md|tj|tr|ua|us|uz;google|google-v2
стоимость лидара;commercial;/calculator;0;v1|base;ae|am|az|by|de|ge|il|kg|kz|md|tj|tr|ua|us|uz;google|yandex|google-v2
стоимость рекламы в инстаграм;commercial;/calculator;0;v1;;google|yandex
стоимость рекламы в инстаграм 2025;commercial;/calculator;0;v1;;google
стоимость рекламы в инстаграм у блогеров;commercial;/calculator;0;v1;;google
стоимость рекламы в инстаграм украина;commercial;/calculator;1;v1;;google
стоимость рекламы в инстаграм цены;commercial;/calculator;0;v1;;yandex
стоимость рекламы в инстаграме;commercial;/calculator;0;v1;;google
стоимость рекламы в instagram;commercial;/calculator;0;v1;;google
стоимость таргет рекламы в инстаграм;commercial;/calculator;0;v1;;google
стоимость таргета в вк;commercial;/calculator;0;v1|base;ae|am|az|by|de|ge|il|kg|kz|md|tj|tr|ua|us|uz;google|yandex|google-v2
стоимость таргета в инстаграм;commercial;/calculator;0;v1|base;ae|am|az|by|de|ge|il|kg|kz|md|tj|tr|ua|us|uz;google|google-v2
стоимость таргетированной рекламы в инстаграм;commercial;/calculator;0;v1;;google
стоимость таргетолога;commercial;/calculator;0;v1;;google
стоимость услуг таргетолога;commercial;/calculator;0;v1;;google
таргетолог стоимость услуг;commercial;/calculator;0;v1;;google
цена лида;commercial;/calculator;0;v1;;google|yandex
цена лида в маркетинге;commercial;/calculator;0;v1;;google
цена лида как посчитать;commercial;/calculator;0;v1;;google|yandex
цена лида метрика;commercial;/calculator;0;v1;;google
цена лида формула;commercial;/calculator;0;v1;;google
цена лида это;commercial;/calculator;0;v1;;google|yandex
цена лидамитол;commercial;/calculator;0;v1;;google
цена лидара;commercial;/calculator;0;v1;;google
google ads стоимость рекламы;commercial;/calculator;0;v1;;google
аудит контекстной рекламы заказать;commercial;/consult;0;v1;;yandex
аудит контекстной рекламы цена;commercial;/consult;0;v1|base;ae|am|az|by|de|ge|il|kg|kz|md|tj|tr|ua|us|uz;google|google-v2
консультация маркетолога цена;commercial;/consult;0;v1;;yandex|google
консультация таргетолога цена;commercial;/consult;0;v1|base;ae|am|az|by|de|ge|il|kg|kz|md|tj|tr|ua|us|uz;google|google-v2
сколько стоит консультация маркетолога;commercial;/consult;0;v1;;yandex
ведение контекстной рекламы стоимость;commercial;/google-ads;0;v1;;yandex
ведение контекстной рекламы цена;commercial;/google-ads;0;v1;;yandex
заказать ведение контекстной рекламы;commercial;/google-ads;0;v1;;google|yandex
заказать контекстную рекламу;commercial;/google-ads;0;v1;;yandex
заказать контекстную рекламу для стоматологии;commercial;/google-ads;0;v1;;yandex
заказать контекстную рекламу краснодар;commercial;/google-ads;0;v1;;yandex
заказать контекстную рекламу москва;commercial;/google-ads;0;v1;;yandex
заказать контекстную рекламу под ключ;commercial;/google-ads;0;v1;;yandex
заказать настройку google ads;commercial;/google-ads;0;v1|base;ae|am|az|by|de|ge|il|kg|kz|md|tj|tr|ua|us|uz;google|google-v2
заказать рекламу google ads;commercial;/google-ads;0;v1|base;ae|am|az|by|de|ge|il|kg|kz|md|tj|tr|ua|us|uz;google|google-v2
контекстная реклама в гугл цена;commercial;/google-ads;0;v1;;google
контекстная реклама гугл заказать;commercial;/google-ads;0;v1|base;ae|am|az|by|de|ge|il|kg|kz|md|tj|tr|ua|us|uz;google|google-v2
контекстная реклама гугл цена;commercial;/google-ads;0;v1|base;ae|am|az|by|de|ge|il|kg|kz|md|tj|tr|ua|us|uz;google|yandex|google-v2
настройка гугл рекламы цена;commercial;/google-ads;0;v1;;google
настройка контекстной рекламы заказать;commercial;/google-ads;0;v1;;yandex
настройка контекстной рекламы заказать москва;commercial;/google-ads;0;v1;;yandex
настройка контекстной рекламы под ключ;commercial;/google-ads;0;v1;;google|yandex
настройка контекстной рекламы стоимость;commercial;/google-ads;0;v1;;google
настройка контекстной рекламы цена;commercial;/google-ads;0;v1;;yandex|google
настройка рекламы в гугл цена;commercial;/google-ads;0;v1;;google
настройка рекламы гугл цена;commercial;/google-ads;0;v1;;google
настройка google ads цена;commercial;/google-ads;0;v1|base;ae|am|az|by|de|ge|il|kg|kz|md|tj|tr|ua|us|uz;google|google-v2
реклама в гугл цена;commercial;/google-ads;0;v1|base;ae|am|az|by|de|ge|il|kg|kz|md|tj|tr|ua|us|uz;google|yandex|google-v2
реклама в гугл цена украина;commercial;/google-ads;1;v1;;google
реклама в гугле стоимость;commercial;/google-ads;0;v1;;yandex
реклама в google ads цена;commercial;/google-ads;0;v1|base;ae|am|az|by|de|ge|il|kg|kz|md|tj|tr|ua|us|uz;google|google-v2
сколько стоит контекстная реклама в гугл;commercial;/google-ads;0;v1|base;ae|am|az|by|de|ge|il|kg|kz|md|tj|tr|ua|us|uz;google|google-v2
специалист по контекстной и таргетированной рекламе;commercial;/google-ads;0;v1|base;ae|am|az|by|de|ge|il|kg|kz|md|tj|tr|ua|us|uz;google|google-v2
специалист по контекстной рекламе;commercial;/google-ads;0;v1|base;ae|am|az|by|de|ge|il|kg|kz|md|tj|tr|ua|us|uz;google|yandex|google-v2
специалист по контекстной рекламе без опыта;commercial;/google-ads;0;v1|base;ae|am|az|by|de|ge|il|kg|kz|md|tj|tr|ua|us|uz;google|google-v2
специалист по контекстной рекламе кто это;commercial;/google-ads;0;v1;;yandex
специалист по контекстной рекламе отзывы;commercial;/google-ads;0;v1|base;ae|am|az|by|de|ge|il|kg|kz|md|tj|tr|ua|us|uz;google|yandex|google-v2
специалист по контекстной рекламе работа;commercial;/google-ads;0;v1;;google
специалист по контекстной рекламе что делает;commercial;/google-ads;0;v1;;google
специалист по контекстной рекламе это;commercial;/google-ads;0;v1|base;ae|am|az|by|de|ge|il|kg|kz|md|tj|tr|ua|us|uz;google|google-v2
специалист по google ads;commercial;/google-ads;0;v1|base;ae|am|az|by|de|ge|il|kg|kz|md|tj|tr|ua|us|uz;google|google-v2
таргетированная реклама гугл цена;commercial;/google-ads;0;v1;;google
google ads заказать;commercial;/google-ads;0;v1|base;ae|am|az|by|de|ge|il|kg|kz|md|tj|tr|ua|us|uz;google|google-v2
google ads сколько стоит;commercial;/google-ads;0;v1;;google
google ads стоимость;commercial;/google-ads;0;v1;;google|yandex
google ads тарифы;commercial;/google-ads;0;v1;;google
google ads цена;commercial;/google-ads;0;v1|base;ae|am|az|by|de|ge|il|kg|kz|md|tj|tr|ua|us|uz;google|google-v2
google ads цена за клик;commercial;/google-ads;0;v1|base;ae|am|az|by|de|ge|il|kg|kz|md|tj|tr|ua|us|uz;google|google-v2
google ads цена на клик;commercial;/google-ads;0;v1|base;ae|am|az|by|de|ge|il|kg|kz|md|tj|tr|ua|us|uz;google|google-v2
ведение таргета;commercial;/meta-ads;0;v1;;google
где найти таргетолога;commercial;/meta-ads;0;v1;;yandex
заказать рекламу в инстаграм;commercial;/meta-ads;0;v1|base;ae|am|az|by|de|ge|il|kg|kz|md|tj|tr|ua|us|uz;google|yandex|google-v2
заказать таргет;commercial;/meta-ads;0;v1;;yandex
заказать таргетированную рекламу;commercial;/meta-ads;0;v1;;yandex
заказать таргетированную рекламу в инстаграм;commercial;/meta-ads;0;v1|base;ae|am|az|by|de|ge|il|kg|kz|md|tj|tr|ua|us|uz;google|google-v2
зачем нужен специалист по таргетированной рекламе;commercial;/meta-ads;0;v1|base;ae|am|az|by|de|ge|il|kg|kz|md|tj|tr|ua|us|uz;google|google-v2
как заказать рекламу в инстаграме;commercial;/meta-ads;0;v1;;yandex
как заказать рекламу в instagram;commercial;/meta-ads;0;v1|base;ae|am|az|by|de|ge|il|kg|kz|md|tj|tr|ua|us|uz;google|google-v2
как найти таргетолога форум;commercial;/meta-ads;0;v1;;google
найти таргетолога;commercial;/meta-ads;0;v1|base;ae|am|az|by|de|ge|il|kg|kz|md|tj|tr|ua|us|uz;google|yandex|google-v2
найти таргетолога в инстаграм;commercial;/meta-ads;0;v1|base;ae|am|az|by|de|ge|il|kg|kz|md|tj|tr|ua|us|uz;google|google-v2
найти таргетолога вк;commercial;/meta-ads;0;v1|base;ae|am|az|by|de|ge|il|kg|kz|md|tj|tr|ua|us|uz;google|google-v2
нанять таргетолога;commercial;/meta-ads;0;v1|base;ae|am|az|by|de|ge|il|kg|kz|md|tj|tr|ua|us|uz;google|google-v2
настройка и ведение таргетированной рекламы;commercial;/meta-ads;0;v1;;google
настройка рекламы в инстаграм цена;commercial;/meta-ads;0;v1;;google
настройка таргета в вк цена;commercial;/meta-ads;0;v1|base;ae|am|az|by|de|ge|il|kg|kz|md|tj|tr|ua|us|uz;google|google-v2
настройка таргетированной рекламы в вк цена;commercial;/meta-ads;0;v1;;yandex
настройка таргетированной рекламы вк цена;commercial;/meta-ads;0;v1;;google
настройка таргетированной рекламы цена;commercial;/meta-ads;0;v1;;yandex
продвижение в инстаграм цена;commercial;/meta-ads;0;v1;;google
реклама в инстаграм беларусь цена;commercial;/meta-ads;1;v1;;yandex
реклама в инстаграм заказать;commercial;/meta-ads;0;v1;;google
реклама в инстаграм рб цена;commercial;/meta-ads;0;v1|base;ae|am|az|de|ge|il|kg|kz|md|tj|ua|uz;google|google-v2
реклама в инстаграм сколько стоит;commercial;/meta-ads;0;v1|base;ae|am|az|by|de|ge|il|kg|kz|md|tj|tr|ua|us|uz;google|google-v2
реклама в инстаграм стоимость;commercial;/meta-ads;0;v1;;yandex
реклама в инстаграм у блогеров цена;commercial;/meta-ads;0;v1;;google
реклама в инстаграм цена;commercial;/meta-ads;0;v1;;yandex
реклама в инстаграм цена беларусь;commercial;/meta-ads;1;v1;;google
реклама в инстаграм цена казахстан;commercial;/meta-ads;1;v1;;google
реклама в инстаграм цена ташкент;commercial;/meta-ads;1;v1;;google
реклама в инстаграм цена украина;commercial;/meta-ads;1;v1;;google
реклама в инстаграме сколько стоит;commercial;/meta-ads;0;v1;;google
реклама в инстаграме цена;commercial;/meta-ads;0;v1;;google
реклама в инстаграмме сколько стоит;commercial;/meta-ads;0;v1;;yandex
реклама в фейсбуке цена;commercial;/meta-ads;0;v1|base;ae|am|az|by|de|ge|il|kg|kz|md|tj|tr|ua|us|uz;google|google-v2
реклама в фейсбуке цена украина;commercial;/meta-ads;1;v1|base;ae|am|az|by|de|ge|il|kg|kz|md|tj|tr|ua|us|uz;google|google-v2
реклама в facebook цена;commercial;/meta-ads;0;v1|base;ae|am|az|by|de|ge|il|kg|kz|md|tj|tr|ua|us|uz;google|google-v2
реклама в instagram сколько стоит;commercial;/meta-ads;0;v1|base;ae|am|az|by|de|ge|il|kg|kz|md|tj|tr|ua|us|uz;google|google-v2
реклама в instagram цена;commercial;/meta-ads;0;base;uz;google-v2
реклама на фейсбук цена;commercial;/meta-ads;0;v1;;google
сколько стоит запуск рекламы в инстаграм;commercial;/meta-ads;0;v1|base;ae|am|az|by|de|ge|il|kg|kz|md|tj|tr|ua|us|uz;google|google-v2
сколько стоит нанять таргетолога;commercial;/meta-ads;0;v1|base;ae|am|az|by|de|ge|il|kg|kz|md|tj|tr|ua|us|uz;google|google-v2
сколько стоит отучиться на таргетолога;commercial;/meta-ads;0;base;ae|am|az|by|de|ge|il|kg|kz|md|tj|tr|ua|us|uz;google-v2
сколько стоит продвижение в инстаграм;commercial;/meta-ads;0;v1;;google
сколько стоит услуга таргетолога;commercial;/meta-ads;0;v1|base;ae|am|az|by|de|ge|il|kg|kz|md|tj|tr|ua|us|uz;google|google-v2
специалист по рекламе в инстаграм;commercial;/meta-ads;0;v1;;google
специалист по таргетированной рекламе;commercial;/meta-ads;0;v1|base;ae|am|az|by|de|ge|il|kg|kz|md|tj|tr|ua|us|uz;google|yandex|google-v2
специалист по таргетированной рекламе и smm;commercial;/meta-ads;0;v1|base;ae|am|az|by|de|ge|il|kg|kz|md|tj|tr|ua|us|uz;google|google-v2
таргет для ремонта под ключ;commercial;/meta-ads;0;v1;;yandex
таргетированная реклама в вк стоимость;commercial;/meta-ads;0;v1;;google|yandex
таргетированная реклама в вк цена;commercial;/meta-ads;0;v1;;yandex
таргетированная реклама в инстаграм цена;commercial;/meta-ads;0;v1;;google
таргетированная реклама вк стоимость;commercial;/meta-ads;0;base;ae|am|az|by|de|ge|il|kg|kz|md|tj|tr|ua|us|uz;google-v2
таргетированная реклама вк цена;commercial;/meta-ads;0;v1;;yandex
таргетированная реклама заказать;commercial;/meta-ads;0;v1;;yandex
таргетированная реклама заказать цена;commercial;/meta-ads;0;v1;;yandex
таргетированная реклама инстаграм услуги;commercial;/meta-ads;0;v1;;yandex
таргетированная реклама инстаграм цена;commercial;/meta-ads;0;v1;;google
таргетированная реклама настройка стоимость;commercial;/meta-ads;0;v1;;yandex
таргетированная реклама сколько стоит;commercial;/meta-ads;0;v1;;google|yandex
таргетированная реклама сколько стоит в месяц;commercial;/meta-ads;0;v1;;yandex
таргетированная реклама стоимость;commercial;/meta-ads;0;v1;;yandex
таргетированная реклама стоимость за месяц;commercial;/meta-ads;0;v1;;yandex
таргетированная реклама услуги;commercial;/meta-ads;0;v1;;google|yandex
таргетированная реклама цена;commercial;/meta-ads;0;v1;;yandex
таргетированная реклама цена украина;commercial;/meta-ads;1;v1;;google
таргетолог алматы услуги;commercial;/meta-ads;1;v1;;yandex
таргетолог вк услуги;commercial;/meta-ads;0;v1;;yandex
таргетолог вк цена;commercial;/meta-ads;0;v1|base;ae|am|az|by|de|ge|il|kg|kz|md|tj|tr|ua|us|uz;google|google-v2
таргетолог заказать;commercial;/meta-ads;0;v1;;google
таргетолог инстаграм цена;commercial;/meta-ads;0;v1|base;ae|am|az|by|de|ge|il|kg|kz|md|tj|tr|ua|us|uz;google|google-v2
таргетолог киев цена;commercial;/meta-ads;1;base;ae|am|az|by|de|ge|il|kg|kz|md|tj|tr|ua|us|uz;google-v2
таргетолог минск цена;commercial;/meta-ads;1;v1|base;ae|am|az|by|de|ge|il|kg|kz|md|tj|tr|ua|us|uz;google|google-v2
таргетолог найти специалиста;commercial;/meta-ads;0;v1;;yandex
таргетолог нанять;commercial;/meta-ads;0;v1;;google|yandex
таргетолог услуги;commercial;/meta-ads;0;v1;;google|yandex
таргетолог услуги цена;commercial;/meta-ads;0;v1|base;ae|am|az|by|de|ge|il|kg|kz|md|tj|tr|ua|us|uz;google|google-v2
таргетолог цена;commercial;/meta-ads;0;v1|base;ae|am|az|by|de|ge|il|kg|kz|md|tj|tr|ua|us|uz;google|google-v2
таргетолог цена украина;commercial;/meta-ads;1;v1|base;ae|am|az|by|de|ge|il|kg|kz|md|tj|tr|ua|us|uz;google|google-v2
услуги таргетолога;commercial;/meta-ads;0;v1|base;ae|am|az|by|de|ge|il|kg|kz|md|tj|tr|ua|us|uz;google|yandex|google-v2
услуги таргетолога алматы;commercial;/meta-ads;1;v1|base;ae|am|az|by|de|ge|il|kg|kz|md|tj|tr|ua|us|uz;google|yandex|google-v2
услуги таргетолога алматы цена;commercial;/meta-ads;1;v1|base;ae|am|az|by|de|ge|il|kg|kz|md|tj|tr|ua|us|uz;google|google-v2
услуги таргетолога астана;commercial;/meta-ads;1;v1|base;ae|am|az|by|de|ge|il|kg|kz|md|tj|tr|ua|us|uz;google|google-v2
услуги таргетолога бишкек;commercial;/meta-ads;1;v1|base;ae|am|az|by|de|ge|il|kg|kz|md|tj|tr|ua|us|uz;google|google-v2
услуги таргетолога вк;commercial;/meta-ads;0;v1;;yandex
услуги таргетолога минск;commercial;/meta-ads;1;v1|base;ae|am|az|by|de|ge|il|kg|kz|md|tj|tr|ua|us|uz;google|google-v2
услуги таргетолога ташкент;commercial;/meta-ads;1;v1|base;ae|am|az|by|de|ge|il|kg|kz|md|tj|tr|ua|us|uz;google|google-v2
услуги таргетолога украина;commercial;/meta-ads;1;v1|base;ae|am|az|by|de|ge|il|kg|kz|md|tj|tr|ua|us|uz;google|google-v2
услуги таргетолога украина цена;commercial;/meta-ads;1;v1|base;ae|am|az|by|de|ge|il|kg|kz|md|tj|tr|ua|us|uz;google|google-v2
услуги таргетолога цена;commercial;/meta-ads;0;v1|base;ae|am|az|by|de|ge|il|kg|kz|md|tj|tr|ua|us|uz;google|google-v2
услуги таргетолога цены;commercial;/meta-ads;0;v1;;yandex
форум как найти таргетолога;commercial;/meta-ads;0;v1;;yandex
цена рекламы в инстаграм;commercial;/meta-ads;0;v1;;yandex
продвижение мобильных приложений цена;commercial;/meta-apps;0;v1;;yandex|google
сколько стоит реклама мобильного приложения;commercial;/meta-apps;0;v1|apps;ae|am|az|by|de|ge|il|kg|kz|md|tj|tr|ua|us|uz;google|google-v2
сколько стоит реклама мобильной игры;commercial;/meta-apps;0;v1|apps;ae|am|az|by|de|ge|il|kg|kz|md|tj|tr|ua|us|uz;google|google-v2
стоимость установки приложения;commercial;/meta-apps;0;v1;;google
лиды для юристов отзывы;trust;/blog;0;v1|base|niche;ae|am|az|by|de|ge|il|kg|kz|md|tj|tr|ua|us|uz;google|google-v2
аудит гугл рекламы;trust;/consult;0;v1|base;ae|am|az|by|de|ge|il|kg|kz|md|tj|tr|ua|us|uz;google|google-v2
аудит контекстной рекламы;trust;/consult;0;v1;;yandex
аудит рекламного кабинета;trust;/consult;0;v1|base;ae|am|az|by|de|ge|il|kg|kz|md|tj|tr|ua|us|uz;google|yandex|google-v2
аудит рекламной кампании;trust;/consult;0;v1;;google|yandex
аудит рекламной кампании пример;trust;/consult;0;v1;;google
аудит рекламной кампании это;trust;/consult;0;v1;;google
аудит рекламных кампаний;trust;/consult;0;v1;;yandex
аудит рекламных кампаний пример;trust;/consult;0;v1;;yandex
аудит рекламных кампаний фейсбук пример;trust;/consult;0;v1;;yandex
аудит рекламы;trust;/consult;0;v1;;yandex
аудит рекламы это;trust;/consult;0;v1|base;ae|am|az|by|de|ge|il|kg|kz|md|tj|tr|ua|us|uz;google|google-v2
аудит таргетированной рекламы;trust;/consult;0;v1|base;ae|am|az|by|de|ge|il|kg|kz|md|tj|tr|ua|us|uz;google|google-v2
аудит google ads;trust;/consult;0;v1|base;ae|am|az|by|de|ge|il|kg|kz|md|tj|tr|ua|us|uz;google|google-v2
в играх не работает реклама для получения бонусов;trust;/consult;0;v1;;yandex
вк реклама не работает;trust;/consult;0;v1|base;ae|am|az|by|de|ge|il|kg|kz|md|tj|tr|ua|us|uz;google|yandex|google-v2
гугл реклама не работает;trust;/consult;0;v1|base;ae|am|az|by|de|ge|il|kg|kz|md|tj|tr|ua|us|uz;google|google-v2
инстаграм реклама не работает;trust;/consult;0;v1|base;ae|am|az|by|de|ge|il|kg|kz|md|tj|tr|ua|us|uz;google|google-v2
как выбрать таргетолога;trust;/consult;0;v1|base;ae|am|az|by|de|ge|il|kg|kz|md|tj|tr|ua|us|uz;google|google-v2
как выбрать таргетолога форум;trust;/consult;0;v1|base;ae|am|az|by|de|ge|il|kg|kz|md|tj|tr|ua|us|uz;google|google-v2
как настроить рекламу в инстаграм на русскоязычную аудиторию;trust;/consult;0;v1|base;ae|am|by|de|ge|kg|kz|md|tj|tr|ua|us|uz;google|google-v2
как проверить работу таргетолога;trust;/consult;0;v1|base;ae|am|az|by|de|ge|il|kg|kz|md|tj|tr|ua|us|uz;google|google-v2
как проверить таргетолога;trust;/consult;0;v1|base;ae|am|az|by|de|ge|il|kg|kz|md|tj|tr|ua|us|uz;google|google-v2
консультация маркетолога;trust;/consult;0;v1;;yandex|google
консультация по рекламе;trust;/consult;0;v1|base;ae|am|az|by|de|ge|il|kg|kz|md|tj|tr|ua|us|uz;google|google-v2
консультация по таргету;trust;/consult;0;v1;;google
консультация таргетолога;trust;/consult;0;v1|base;ae|am|az|by|de|ge|il|kg|kz|md|tj|tr|ua|us|uz;google|google-v2
консультація таргетолога;trust;/consult;0;base;tr;google-v2
моя реклама не работает;trust;/consult;0;v1|base;ae|am|az|by|de|ge|il|kg|kz|md|tj|tr|ua|us|uz;google|google-v2
не работает продвижение в инстаграм;trust;/consult;0;v1;;google
почему не работает реклама в фейсбук;trust;/consult;0;v1;;google
почему продвижение в инстаграм не работает;trust;/consult;0;v1;;google
почему реклама не работает;trust;/consult;0;v1|base;ae|am|az|by|de|ge|il|kg|kz|md|tj|tr|ua|us|uz;google|google-v2
почему реклама не работает в инстаграм;trust;/consult;0;v1|base;ae|am|az|by|de|ge|il|kg|kz|md|tj|tr|ua|us|uz;google|google-v2
реклама в инстаграм название аудитории что писать;trust;/consult;0;v1;;google
реклама в инстаграм не работает;trust;/consult;0;v1;;google
реклама в инстаграм одобрена но не работает;trust;/consult;0;v1;;google
реклама не окупается;trust;/consult;0;v1|base;ae|am|az|by|de|ge|il|kg|kz|md|tj|tr|ua|us|uz;google|google-v2
реклама не работает;trust;/consult;0;v1|base;ae|am|az|by|de|ge|il|kg|kz|md|tj|tr|ua|us|uz;google|yandex|google-v2
что делать если реклама в инстаграм не работает;trust;/consult;0;v1;;google
google ads не работает;trust;/consult;0;v1;;google
google ads не работает в россии;trust;/consult;0;v1;;google
настройка рекламы с гарантией;trust;/faq;0;v1;;yandex
договор на ведение контекстной рекламы;trust;/google-ads;0;v1;;google
проверка рекламодателя google ads;trust;/google-ads;0;v1;;google
анастасия жук таргетолог отзывы;trust;/meta-ads;0;v1;;google|yandex
реклама в инстаграм отзывы;trust;/meta-ads;0;v1;;google
сбер таргет для бизнеса отзывы;trust;/meta-ads;0;v1;;yandex
таргетированная реклама отзывы;trust;/meta-ads;0;v1;;google
таргетолог отзывы;trust;/meta-ads;0;v1;;google|yandex
таргетолог отзывы о профессии;trust;/meta-ads;0;v1;;yandex
таргетолог отзывы форум;trust;/meta-ads;0;v1;;google
таргетолог отзывы форум беларусь;trust;/meta-ads;1;v1;;google
бюджет на рекламу как рассчитать;tool;/calculator;0;v1;;yandex
ltv формула;tool;/marketing-glossary;0;v1;;google
окупаемость рекламы формула;tool;/roi-calculator;0;base;ae|am|az|by|de|ge|il|kg|kz|md|tj|tr|ua|us|uz;google-v2
посчитать окупаемость рекламы;tool;/roi-calculator;0;base;ae|am|az|by|de|ge|il|kg|kz|md|tj|tr|ua|us|uz;google-v2
roi рекламы формула;tool;/roi-calculator;0;v1;;google
romi формула;tool;/roi-calculator;0;v1;;yandex
где найти клиентов;howto;/blog;0;v1|base;ae|am|az|by|de|ge|il|kg|kz|md|tj|tr|ua|us|uz;google|yandex|google-v2
где найти клиентов для карточек вб;howto;/blog;0;v1|base;ae|am|az|by|de|ge|il|kg|kz|md|tj|tr|ua|us|uz;google|google-v2
где найти клиентов для монтажа видео;howto;/blog;0;v1|base;ae|am|az|by|de|ge|il|kg|kz|md|tj|tr|ua|us|uz;google|google-v2
где найти клиентов для создания карточек вб;howto;/blog;0;v1|base;ae|am|az|by|de|ge|il|kg|kz|md|tj|tr|ua|us|uz;google|google-v2
где найти клиентов для создания сайта;howto;/blog;0;v1|base;ae|am|az|by|de|ge|il|kg|kz|md|tj|tr|ua|us|uz;google|google-v2
где найти клиентов на банкротство;howto;/blog;0;v1;;yandex
где найти клиентов на бухгалтерское обслуживание;howto;/blog;0;v1;;google
где найти клиентов на карточки вб;howto;/blog;0;v1|base;ae|am|az|by|de|ge|il|kg|kz|md|tj|tr|ua|us|uz;google|yandex|google-v2
где найти клиентов на маникюр;howto;/blog;0;v1|base;ae|am|az|by|de|ge|il|kg|kz|md|tj|tr|ua|us|uz;google|google-v2
где найти клиентов на наращивание ресниц;howto;/blog;0;v1;;google
где найти клиентов начинающему психологу;howto;/blog;0;v1;;google
где найти клиентов психологу;howto;/blog;0;v1|base;ae|am|az|by|de|ge|il|kg|kz|md|tj|tr|ua|us|uz;google|yandex|google-v2
где найти клиентов репетитору;howto;/blog;0;v1|base;ae|am|az|by|de|ge|il|kg|kz|md|tj|tr|ua|us|uz;google|google-v2
как найти клиентов;howto;/blog;0;v1|base;ae|am|az|by|de|ge|il|kg|kz|md|tj|tr|ua|us|uz;google|yandex|google-v2
как найти клиентов для карточек вб;howto;/blog;0;v1;;google
как найти клиентов для логистической компании;howto;/blog;0;v1;;google|yandex
как найти клиентов для монтажа видео;howto;/blog;0;v1;;google
как найти клиентов мастеру маникюра;howto;/blog;0;v1|base;ae|am|az|by|de|ge|il|kg|kz|md|tj|tr|ua|us|uz;google|google-v2
как найти клиентов на брови;howto;/blog;0;v1;;google|yandex
как найти клиентов на бухгалтерское обслуживание;howto;/blog;0;v1;;google
как найти клиентов на карточки вб;howto;/blog;0;v1|base;ae|am|az|by|de|ge|il|kg|kz|md|tj|tr|ua|us|uz;google|yandex|google-v2
как найти клиентов на кератин;howto;/blog;0;v1;;google|yandex
как найти клиентов на кухню;howto;/blog;0;v1;;yandex
как найти клиентов на маникюр;howto;/blog;0;v1|base;ae|am|az|by|de|ge|il|kg|kz|md|tj|tr|ua|us|uz;google|yandex|google-v2
как найти клиентов на массаж;howto;/blog;0;v1|base;ae|am|az|by|de|ge|il|kg|kz|md|tj|tr|ua|us|uz;google|google-v2
как найти клиентов на массаж новичку;howto;/blog;0;v1;;yandex
как найти клиентов на наращивание волос;howto;/blog;0;v1;;google
как найти клиентов на наращивание ресниц;howto;/blog;0;v1|base;ae|am|az|by|de|ge|il|kg|kz|md|tj|tr|ua|us|uz;google|google-v2
как найти клиентов начинающему психологу;howto;/blog;0;v1;;google
как найти клиентов психологу;howto;/blog;0;v1|base;ae|am|az|by|de|ge|il|kg|kz|md|tj|tr|ua|us|uz;google|yandex|google-v2
как найти клиентов репетитору;howto;/blog;0;v1|base;ae|am|az|by|de|ge|il|kg|kz|md|tj|tr|ua|us|uz;google|google-v2
как настроить рекламу в вк;howto;/blog;0;v1;;yandex
как настроить рекламу в тг канале;howto;/blog;0;v1;;yandex
как работает вк реклама для бизнеса;howto;/blog;0;v1;;yandex
как сделать заявки на вступление в тг канал;howto;/blog;0;v1;;yandex
как сделать заявки на тгк;howto;/blog;0;v1;;yandex
настройка рекламы в вк пошагово;howto;/blog;0;v1;;yandex
где искать клиентов таргетологу;howto;/consult;0;v1;;yandex
как найти клиентов таргетологу;howto;/consult;0;v1;;google
почему недоступно продвижение в инстаграм;howto;/faq;0;v1;;google
как запустить контекстную рекламу в гугл;howto;/google-ads;0;v1;;google
как запустить контекстную рекламу в гугл самостоятельно;howto;/google-ads;0;v1;;yandex
как запустить рекламу в гугл;howto;/google-ads;0;v1;;google|yandex
как запустить рекламу в гугл адс;howto;/google-ads;0;v1;;google
как запустить рекламу в гугл в россии;howto;/google-ads;0;v1;;google
как запустить рекламу в гугл картах;howto;/google-ads;0;v1;;google
как запустить рекламу в google;howto;/google-ads;0;v1;;google
как запустить рекламу сайта в гугл;howto;/google-ads;0;v1;;google
как запустить рекламу google ads;howto;/google-ads;0;base;ae|am|az|by|de|ge|il|kz|md|tj|tr|ua|us|uz;google-v2
как запустить google ads;howto;/google-ads;0;base;ae|am|az|by|de|ge|il|kg|kz|md|tj|tr|ua|us|uz;google-v2
как настроить динамический ремаркетинг google ads;howto;/google-ads;0;v1;;google
как настроить динамическую рекламу в google ads;howto;/google-ads;0;v1|base;ae|am|az|by|de|ge|il|kg|kz|md|tj|tr|ua|us|uz;google|google-v2
как настроить конверсии в google ads;howto;/google-ads;0;v1|base;ae|am|az|by|de|ge|il|kg|kz|md|tj|tr|ua|us|uz;google|google-v2
как настроить отслеживание конверсий в google ads;howto;/google-ads;0;v1|base;ae|am|az|by|de|ge|il|kg|kz|md|tj|tr|ua|us|uz;google|google-v2
как настроить первую кампанию в google ads;howto;/google-ads;0;v1|base;ae|am|az|by|de|ge|il|kg|kz|md|tj|tr|ua|us|uz;google|google-v2
как настроить рекламу в ads google;howto;/google-ads;0;v1;;yandex
как настроить рекламу google ads;howto;/google-ads;0;v1|base;ae|am|az|by|de|ge|il|kg|kz|md|tj|tr|ua|us|uz;google|google-v2
как настроить ремаркетинг в google ads;howto;/google-ads;0;v1|base;ae|am|az|by|de|ge|il|kg|kz|md|tj|tr|ua|us|uz;google|google-v2
как настроить google ads;howto;/google-ads;0;v1|base;ae|am|az|by|de|ge|il|kg|kz|md|tj|tr|ua|us|uz;google|google-v2
как настроить google adsense;howto;/google-ads;0;base;ae|am|az|by|de|ge|il|kg|kz|md|tj|tr|ua|us|uz;google-v2
как правильно запустить рекламу в google ads;howto;/google-ads;0;v1|base;ae|am|az|by|de|ge|il|kg|kz|md|tj|tr|ua|us|uz;google|google-v2
как правильно настроить google ads;howto;/google-ads;0;v1|base;ae|am|az|by|de|ge|il|kg|kz|md|tj|tr|ua|us|uz;google|google-v2
как продвигать трек через google ads;howto;/google-ads;0;v1;;yandex
контекстная реклама гугл как настроить;howto;/google-ads;0;v1|base;ae|am|az|by|de|ge|il|kg|kz|md|tj|tr|ua|us|uz;google|google-v2
настройка контекстной рекламы самостоятельно;howto;/google-ads;0;v1;;google
настройка рекламы в гугл пошагово;howto;/google-ads;0;v1;;google
реклама в гугл как настроить;howto;/google-ads;0;v1|base;ae|am|az|by|de|ge|il|kg|kz|md|tj|tr|ua|us|uz;google|google-v2
google ads создать аккаунт;howto;/google-ads;0;v1;;google
где бывает таргетированная реклама кроме инсты;howto;/meta-ads;0;v1;;yandex
где есть таргетированная реклама;howto;/meta-ads;0;v1;;yandex
как включить продвижение в инстаграм;howto;/meta-ads;0;v1;;google
как включить продвижение в инстаграм в россии;howto;/meta-ads;0;v1;;google
как включить рекламу в инстаграме;howto;/meta-ads;0;v1;;yandex
как выглядит таргетированная реклама в инстаграм;howto;/meta-ads;0;v1;;google
как да направим реклама в facebook;howto;/meta-ads;0;v1;;google
как дать рекламу в инстаграм;howto;/meta-ads;0;v1;;yandex
как делается реклама в инстаграме;howto;/meta-ads;0;v1;;yandex
как запустить продвижение в инстаграм;howto;/meta-ads;0;v1;;google
как запустить рекламу в инстаграм;howto;/meta-ads;0;v1|base;ae|am|az|by|de|ge|il|kg|kz|md|tj|tr|ua|us|uz;yandex|google|google-v2
как запустить рекламу в инстаграм 2025;howto;/meta-ads;0;v1|base;ae|am|az|by|de|ge|il|kg|kz|md|tj|tr|ua|us|uz;google|google-v2
как запустить рекламу в инстаграм без налога;howto;/meta-ads;0;v1|base;ae|am|az|by|de|ge|il|kg|kz|md|tj|tr|ua|us|uz;google|google-v2
как запустить рекламу в инстаграм без фейсбука;howto;/meta-ads;0;v1|base;ae|am|az|by|de|ge|il|kg|kz|md|tj|tr|ua|us|uz;google|google-v2
как запустить рекламу в инстаграм в беларуси;howto;/meta-ads;1;v1|base;ae|am|az|by|de|ge|il|kg|kz|md|tj|tr|ua|us|uz;google|google-v2
как запустить рекламу в инстаграм в казахстане;howto;/meta-ads;1;v1;;yandex
как запустить рекламу в инстаграм в россии;howto;/meta-ads;0;v1|base;ae|am|az|de|ge|il|kg|kz|md|tj|tr|ua|us|uz;google|google-v2
как запустить рекламу в инстаграм на россию;howto;/meta-ads;0;base;by;google-v2
как запустить рекламу в инстаграм пошаговая инструкция;howto;/meta-ads;0;v1;;yandex
как запустить рекламу в инстаграм через кнопку продвигать;howto;/meta-ads;0;v1|base;ae|am|az|by|de|ge|il|kg|kz|md|tj|tr|ua|us|uz;google|google-v2
как запустить рекламу в инстаграм через фейсбук;howto;/meta-ads;0;v1|base;ae|am|az|by|de|ge|il|kg|kz|md|tj|tr|ua|us|uz;google|yandex|google-v2
как запустить рекламу в инстаграм через фейсбук пошаговая инструкция;howto;/meta-ads;0;v1;;yandex
как запустить рекламу в инстаграм через ads manager;howto;/meta-ads;0;v1|base;ae|am|az|by|de|ge|il|kg|kz|md|tj|ua|us|uz;google|google-v2
как запустить рекламу в инстаграме;howto;/meta-ads;0;v1|base;tr;yandex|google-v2
как запустить рекламу в инстаграмме;howto;/meta-ads;0;v1;;yandex
как запустить таргет;howto;/meta-ads;0;v1;;google|yandex
как запустить таргет в вк;howto;/meta-ads;0;v1;;google|yandex
как запустить таргет в инстаграм;howto;/meta-ads;0;v1;;google|yandex
как запустить таргет в инстаграм 2026;howto;/meta-ads;0;v1;;yandex
как запустить таргет в инстаграм по шагам;howto;/meta-ads;0;v1;;yandex
как запустить таргет в инстаграм через фейсбук;howto;/meta-ads;0;v1;;google
как запустить таргет в инсте;howto;/meta-ads;0;v1;;yandex
как запустить таргет в тг;howto;/meta-ads;0;v1;;google
как запустить таргет через фейсбук;howto;/meta-ads;0;v1;;google
как запустить таргет через фейсбук в инстаграм;howto;/meta-ads;0;v1;;google
как запустить таргетированную рекламу;howto;/meta-ads;0;v1;;google
как запустить таргетированную рекламу в вк;howto;/meta-ads;0;v1;;google
как запустить таргетированную рекламу в инстаграм;howto;/meta-ads;0;v1;;yandex
как запустить таргетированную рекламу в инстаграм самостоятельно;howto;/meta-ads;0;v1;;yandex
как купить продвижение в инстаграм в россии;howto;/meta-ads;0;v1;;google
как называется продвижение в инстаграм;howto;/meta-ads;0;v1;;google
как называется реклама в инстаграм;howto;/meta-ads;0;v1;;yandex
как найти клиентов начинающему таргетологу;howto;/meta-ads;0;v1;;google
как настроить продвижение в инстаграм;howto;/meta-ads;0;v1;;google
как настроить рекламу в инстаграм;howto;/meta-ads;0;v1|base;ae|am|az|by|de|ge|il|kg|kz|md|tj|tr|ua|us|uz;yandex|google|google-v2
как настроить рекламу в инстаграм 2025;howto;/meta-ads;0;v1|base;ae|am|az|by|de|ge|il|kg|kz|md|tj|tr|ua|us|uz;google|google-v2
как настроить рекламу в инстаграм без фейсбук;howto;/meta-ads;0;v1;;google
как настроить рекламу в инстаграм на россию;howto;/meta-ads;0;v1|base;ae|am|by|de|ge|kg|kz|md|tj|tr|ua|us|uz;google|google-v2
как настроить рекламу в инстаграм через адс менеджер;howto;/meta-ads;0;base;az|il;google-v2
как настроить рекламу в инстаграм через кнопку продвигать;howto;/meta-ads;0;v1|base;ae|am|az|by|de|ge|il|kg|kz|md|tj|tr|ua|us|uz;google|google-v2
как настроить рекламу в инстаграм через фейсбук;howto;/meta-ads;0;v1|base;ae|am|az|by|de|ge|il|kg|kz|md|tj|tr|ua|us|uz;google|google-v2
как настроить рекламу в инстаграм через фейсбук пошагово;howto;/meta-ads;0;v1;;yandex
как настроить рекламу в инстаграм через фейсбук с телефона;howto;/meta-ads;0;v1|base;ae|am|az|by|de|ge|il|kg|kz|md|tj|tr|ua|us|uz;google|google-v2
как настроить рекламу в инстаграм через ads manager;howto;/meta-ads;0;v1|base;ae|am|az|by|de|ge|il|kg|kz|md|tj|tr|ua|us|uz;google|google-v2
как настроить рекламу в инстаграме;howto;/meta-ads;0;v1;;yandex
как настроить рекламу в инстаграме через фейсбук;howto;/meta-ads;0;base;az|il;google-v2
как настроить рекламу в инсте через фейсбук;howto;/meta-ads;0;v1;;google
как настроить рекламу в фейсбук;howto;/meta-ads;0;v1;;google|yandex
как настроить рекламу в фейсбуке на инстаграм;howto;/meta-ads;0;v1;;google
как настроить рекламу в фейсбуке пошаговая инструкция;howto;/meta-ads;0;v1;;google
как настроить таргет;howto;/meta-ads;0;v1|base;ae|am|az|by|ge|il|kg|kz|md|tj|tr|ua|us|uz;google|yandex|google-v2
как настроить таргет в вк;howto;/meta-ads;0;v1|base;ae|am|az|by|de|ge|il|kg|kz|md|tj|tr|ua|us|uz;google|google-v2
как настроить таргет в вк 2026;howto;/meta-ads;0;v1|base;ae|am|az|by|de|ge|il|kg|kz|md|tj|tr|ua|us|uz;google|google-v2
как настроить таргет в вк для салона красоты;howto;/meta-ads;0;v1;;google
как настроить таргет в инстаграм;howto;/meta-ads;0;v1|base;ae|am|az|by|de|ge|il|kg|kz|md|tj|tr|ua|us|uz;google|yandex|google-v2
как настроить таргет в инстаграм 2026;howto;/meta-ads;0;base;ae|am|az|by|de|ge|il|kg|kz|md|tj|tr|ua|us|uz;google-v2
как настроить таргет в инстаграм через фейсбук;howto;/meta-ads;0;v1;;yandex
как настроить таргет в инстаграме;howto;/meta-ads;0;base;de;google-v2
как настроить таргет для магазина одежды;howto;/meta-ads;0;v1;;google
как настроить таргет рекламу в вк;howto;/meta-ads;0;base;de;google-v2
как настроить таргет рекламу в инстаграм;howto;/meta-ads;0;v1;;yandex
как настроить таргетинговую рекламу в инстаграм;howto;/meta-ads;0;v1;;yandex
как настроить таргетированную рекламу;howto;/meta-ads;0;v1|base;ae|am|az|by|de|ge|il|kg|kz|md|tj|tr|ua|us|uz;google|yandex|google-v2
как настроить таргетированную рекламу в вк;howto;/meta-ads;0;v1|base;ae|am|az|by|ge|il|kg|kz|md|tj|tr|ua|us|uz;google|yandex|google-v2
как настроить таргетированную рекламу в инстаграм;howto;/meta-ads;0;v1|base;ae|am|az|by|de|ge|il|kg|kz|md|tj|tr|ua|us|uz;yandex|google|google-v2
как настроить таргетированную рекламу в инстаграм самому;howto;/meta-ads;0;v1;;yandex
как настроить таргетированную рекламу в инстаграм через фейсбук;howto;/meta-ads;0;v1;;google
как настроить таргетированную рекламу в фейсбук;howto;/meta-ads;0;v1;;google
как настроить таргетированную рекламу вк;howto;/meta-ads;0;v1;;yandex
как оплатить продвижение в инстаграм;howto;/meta-ads;0;v1;;yandex|google
как остановить продвижение в инстаграм;howto;/meta-ads;0;v1;;google
как подключить продвижение в инстаграм;howto;/meta-ads;0;v1;;google
как понять что реклама в фейсбук запущена;howto;/meta-ads;0;v1;;google
как понять что реклама в facebook работает;howto;/meta-ads;0;v1;;google
как правильно настроить рекламу в инстаграм;howto;/meta-ads;0;v1;;yandex
как правильно настроить рекламу в инстаграм через фейсбук;howto;/meta-ads;0;v1;;google
как правильно настроить рекламу в фейсбук;howto;/meta-ads;0;v1;;google
как правильно настроить таргет в инстаграм;howto;/meta-ads;0;v1;;yandex
как продвигать рекламу в инстаграм;howto;/meta-ads;0;v1;;google
как работает продвижение в инстаграм;howto;/meta-ads;0;v1;;google
как работает реклама в инстаграм;howto;/meta-ads;0;v1;;yandex
как работает реклама в инстаграме;howto;/meta-ads;0;v1;;yandex
как работает таргетированная реклама;howto;/meta-ads;0;v1;;yandex
как работает таргетированная реклама в инстаграм;howto;/meta-ads;0;v1;;google
как рассчитать бюджет на таргетированную рекламу;howto;/meta-ads;0;v1;;google
как рассчитать бюджет на таргетированную рекламу вк;howto;/meta-ads;0;v1;;google
как рекламировать в инстаграм;howto;/meta-ads;0;v1;;google
как рекламировать в инстаграме;howto;/meta-ads;0;v1;;google
как сделать продвижение в инстаграм;howto;/meta-ads;0;v1;;google|yandex
как сделать рекламу в инстаграм в казахстане;howto;/meta-ads;1;v1;;yandex
как создать пиксель в фейсбук;howto;/meta-ads;0;v1;;yandex
как удалить пиксель фейсбук;howto;/meta-ads;0;v1;;yandex
настройка таргета в вк пошагово;howto;/meta-ads;0;v1;;yandex
настройка таргетированной рекламы в вк пошагово;howto;/meta-ads;0;v1;;yandex
почему не запускается реклама в фейсбук;howto;/meta-ads;0;v1;;google
почему не идет реклама в инстаграме;howto;/meta-ads;0;v1;;yandex
почему не откручивается реклама в facebook;howto;/meta-ads;0;v1;;google
почему не продвигается реклама в инстаграм;howto;/meta-ads;0;v1;;yandex
почему реклама в инстаграм долго на рассмотрении;howto;/meta-ads;0;v1;;google
почему реклама в инстаграм не одобрена;howto;/meta-ads;0;v1;;google
почему реклама в инстаграм не показывается;howto;/meta-ads;0;v1;;yandex
почему реклама в инстаграм не эффективна;howto;/meta-ads;0;v1;;google
почему реклама в инстаграм перестала работать;howto;/meta-ads;0;v1;;yandex
реклама в инстаграм беларусь как настроить;howto;/meta-ads;1;v1;;yandex
реклама в инстаграм как запустить;howto;/meta-ads;0;v1;;yandex|google
реклама в инстаграм как настроить;howto;/meta-ads;0;v1|base;ae|am|az|by|de|ge|il|kg|kz|md|tj|tr|ua|us|uz;google|google-v2
реклама в инстаграм как сделать;howto;/meta-ads;0;v1;;google
реклама в инстаграм пошаговая инструкция;howto;/meta-ads;0;v1;;google
реклама в инстаграме как настроить;howto;/meta-ads;0;v1;;google
реклама в инстаграме как сделать;howto;/meta-ads;0;v1;;yandex
реклама в инстаграмме как разместить самостоятельно;howto;/meta-ads;0;v1;;yandex
реклама в фейсбук как настроить;howto;/meta-ads;0;v1;;google
реклама в фейсбуке как настроить;howto;/meta-ads;0;v1|base;ae|am|az|by|de|ge|il|kg|kz|md|tj|tr|ua|us|uz;google|google-v2
реклама в facebook как настроить;howto;/meta-ads;0;v1|base;ae|am|az|by|de|ge|il|kg|kz|md|tj|tr|ua|us|uz;google|google-v2
реклама на фейсбук как создать;howto;/meta-ads;0;v1;;google
таргетированная реклама в вк как настроить;howto;/meta-ads;0;v1;;yandex
таргетированная реклама в инстаграм как настроить;howto;/meta-ads;0;v1;;google
таргетированная реклама вк как настроить;howto;/meta-ads;0;v1;;google
таргетированная реклама инстаграм как настроить;howto;/meta-ads;0;v1;;google
таргетированная реклама как настроить;howto;/meta-ads;0;v1;;google|yandex
таргетированная реклама как сделать;howto;/meta-ads;0;v1;;yandex|google
таргетированная реклама настроить;howto;/meta-ads;0;v1;;google
meta ads manager как настроить рекламу в инстаграм;howto;/meta-ads;0;v1;;yandex
как зарегистрироваться в макс без установки приложения;howto;/meta-apps;0;v1;;yandex
как ограничить трафик для приложения;howto;/meta-apps;0;v1|apps;ae|am|az|by|de|ge|il|kg|kz|md|tj|tr|ua|us|uz;google|google-v2
как продвигать мобильное приложение;howto;/meta-apps;0;v1|apps;ae|am|az|by|de|ge|il|kg|kz|tj|tr|ua|us|uz;google|yandex|google-v2
как продвигать мобильное приложение в 2025 году пошаговое;howto;/meta-apps;0;v1;;google
как продвигать мобильное приложение в соц сетях;howto;/meta-apps;0;v1;;yandex
как продвигать приложение;howto;/meta-apps;0;v1|apps;ae|am|az|by|de|ge|il|kg|kz|md|tj|tr|ua|us|uz;google|yandex|google-v2
как продвигать приложение в app store;howto;/meta-apps;0;v1|apps;ae|am|az|by|de|ge|il|kg|kz|md|tj|tr|ua|us|uz;google|google-v2
как продвигать приложение в google play;howto;/meta-apps;0;v1|apps;ae|am|az|by|de|ge|il|kg|kz|md|tj|tr|ua|us|uz;google|yandex|google-v2
как продвигать приложения;howto;/meta-apps;0;v1;;yandex
как продвинуть приложение;howto;/meta-apps;0;v1;;google
как раскрутить мобильное приложение;howto;/meta-apps;0;v1|apps;ae|am|az|by|de|ge|il|kg|kz|md|tj|tr|ua|us|uz;google|google-v2
как раскрутить приложение;howto;/meta-apps;0;v1|apps;ae|am|az|by|de|ge|il|kg|kz|md|tj|tr|ua|us|uz;yandex|google|google-v2
как раскрутить приложение в app store;howto;/meta-apps;0;v1|apps;ae|am|az|by|de|ge|il|kg|kz|md|tj|tr|ua|us|uz;google|google-v2
как раскрутить приложение в google play;howto;/meta-apps;0;v1|apps;ae|am|az|by|de|ge|il|kg|kz|md|tj|tr|ua|us|uz;google|google-v2
как рекламировать мобильное приложение;howto;/meta-apps;0;v1|apps;ae|am|az|by|de|ge|il|kg|kz|md|tj|tr|ua|us|uz;google|google-v2
как рекламировать приложение;howto;/meta-apps;0;v1|apps;ae|am|az|by|de|ge|il|kg|kz|md|tj|tr|ua|us|uz;google|yandex|google-v2
как рекламировать приложение в app store;howto;/meta-apps;0;v1|apps;ae|am|az|by|de|ge|il|kg|kz|md|tj|tr|ua|us|uz;google|google-v2
как рассчитать окупаемость рекламы;howto;/roi-calculator;0;base;am|us;google-v2
как считать окупаемость рекламы;howto;/roi-calculator;0;v1|base;ae|am|az|by|de|ge|il|kg|kz|md|tj|tr|ua|us|uz;google|google-v2
контекстная и таргетированная реклама разница;definition;/google-ads;0;v1;;google
таргетированная и контекстная реклама в чем разница;definition;/google-ads;0;v1;;yandex
таргетированная реклама и контекстная разница;definition;/google-ads;0;v1|base;ae|am|az|by|de|ge|il|kg|kz|md|tj|tr|ua|us|uz;google|google-v2
таргетированная реклама и контекстная реклама в чем разница;definition;/google-ads;0;v1;;yandex
чем отличается таргетированная реклама от контекстной;definition;/google-ads;0;v1;;yandex
чем таргетированная реклама отличается от контекстной;definition;/google-ads;0;v1;;yandex|google
что такое гугл адс;definition;/google-ads;0;v1;;yandex
что такое google ads;definition;/google-ads;0;v1;;yandex
google ads что такое;definition;/google-ads;0;v1;;google
google ads это что;definition;/google-ads;0;v1;;yandex
таргетированная реклама определение;definition;/marketing-glossary;0;v1;;google|yandex
таргетированная реклама что такое;definition;/marketing-glossary;0;v1;;yandex
таргетированная реклама это что;definition;/marketing-glossary;0;v1;;yandex
таргетолог что такое;definition;/marketing-glossary;0;v1;;google
таргетолог это что;definition;/marketing-glossary;0;v1;;yandex
что такое продвижение в инстаграм;definition;/marketing-glossary;0;v1;;google
что такое таргетированная реклама в инстаграм;definition;/marketing-glossary;0;v1;;yandex
что такое таргетированная реклама в instagram;definition;/marketing-glossary;0;v1;;yandex
что такое таргетированная реклама простыми словами;definition;/marketing-glossary;0;v1;;yandex
meta ads что такое;definition;/marketing-glossary;0;v1;;google
таргетированная реклама что значит;definition;/meta-ads;0;v1;;yandex
таргетолог и директолог в чем разница;definition;/meta-ads;0;v1;;yandex
таргетолог и контекстолог разница;definition;/meta-ads;0;v1;;google
таргетолог и маркетолог в чем разница;definition;/meta-ads;0;v1;;yandex
таргетолог и маркетолог разница;definition;/meta-ads;0;v1;;google
таргетолог и смм разница;definition;/meta-ads;0;v1;;google
таргетолог и смм специалист в чем разница;definition;/meta-ads;0;v1;;yandex
что значит реклама в инстаграм;definition;/meta-ads;0;v1;;yandex
что значит таргетированная реклама;definition;/meta-ads;0;v1;;yandex
conversions api vs meta pixel;definition;/meta-ads;0;base;tr;google-v2
ppc специалист и таргетолог разница;definition;/meta-ads;0;v1|base;ae|am|az|by|de|ge|il|kg|kz|md|tj|tr|ua|us|uz;google|google-v2
что такое roi рекламы;definition;/roi-calculator;0;v1;;google
roas;definition;/roi-calculator;0;v1|base;ae|am|az|by|de|ge|il|kg|kz|md|tj|tr|ua|us|uz;google|google-v2
romi;definition;/roi-calculator;0;v1|base;ae|am|az|by|de|ge|il|kg|kz|md|tj|tr|ua|us|uz;google|google-v2
баннер реклама для кафе;informational;/blog;0;niche;kz|us|uz;google-v2
баннер реклама для салона красоты;informational;/blog;0;v1;;google
вк реклама для бизнеса;informational;/blog;0;v1;;google
внешний трафик для брендов;informational;/blog;0;v1;;google
внешний трафик для вб;informational;/blog;0;v1;;google
воронка продаж для онлайн школы;informational;/blog;0;infobiz;ae|am|az|by|de|ge|il|kg|kz|md|tj|tr|ua|us|uz;google-v2
гайнет лиды для юристов;informational;/blog;0;v1;;yandex
достопримечательности лиды на карте;informational;/blog;0;v1;;yandex
заявки для бизнеса;informational;/blog;0;v1;;google
индейка из лиды для вторых блюд;informational;/blog;0;v1;;google
индейка из лиды для запекания;informational;/blog;0;v1;;google
купить качественные лиды для юристов;informational;/blog;0;v1|niche;kz|us|uz;google|google-v2
лидогенерация;informational;/blog;0;v1|base;ae|am|az|by|de|ge|il|kg|kz|md|tj|tr|ua|us|uz;google|google-v2
лидогенерация в недвижимости;informational;/blog;0;v1|base;ae|am|az|by|de|ge|il|kg|kz|md|tj|tr|ua|us|uz;google|google-v2
лидогенерация для бизнеса;informational;/blog;0;v1;;yandex
лидогенерация клиентов;informational;/blog;0;v1;;yandex
лидогенерация компании;informational;/blog;0;v1|base;ae|am|az|by|de|ge|il|kg|kz|md|tj|tr|ua|us|uz;google|google-v2
лидогенерация на сайте;informational;/blog;0;base;ae|am|az|by|de|ge|il|kg|kz|md|tj|tr|ua|us|uz;google-v2
лидогенерация работа;informational;/blog;0;v1|base;ae|am|az|by|de|ge|il|kg|kz|md|tj|tr|ua|us|uz;google|google-v2
лидогенерация что это в маркетинге;informational;/blog;0;v1;;yandex
лидогенерация что это такое;informational;/blog;0;v1;;yandex
лидогенерация что это такое простыми словами;informational;/blog;0;v1;;yandex
лидогенерация b2b;informational;/blog;0;v1|base;ae|am|az|by|de|ge|il|kg|kz|md|tj|tr|ua|us|uz;google|google-v2
лидогенерация b2b купить;informational;/blog;0;v1;;google
лиды для автосервиса;informational;/blog;0;v1|niche;kz|us|uz;yandex|google-v2
лиды для агентств недвижимости;informational;/blog;0;v1;;yandex
лиды для агентства недвижимости;informational;/blog;0;v1;;yandex
лиды для агентства недвижимости что это;informational;/blog;0;v1;;yandex
лиды для адвоката;informational;/blog;0;v1;;yandex
лиды для адвокатов;informational;/blog;0;niche;kz|us|uz;google-v2
лиды для банков;informational;/blog;0;v1;;yandex
лиды для банкротства;informational;/blog;0;v1|base|niche;ae|am|az|by|de|ge|il|kg|kz|md|tj|tr|ua|us|uz;google|yandex|google-v2
лиды для бизнеса;informational;/blog;0;v1|base;ae|am|az|by|de|ge|il|kg|kz|md|tj|tr|ua|us|uz;google|yandex|google-v2
лиды для бизнеса купить;informational;/blog;0;v1;;yandex
лиды для бизнеса что это;informational;/blog;0;v1;;yandex
лиды для бизнеса это;informational;/blog;0;v1;;yandex
лиды для бфл;informational;/blog;0;v1;;google|yandex
лиды для воронки;informational;/blog;0;v1;;google
лиды для застройщиков;informational;/blog;0;v1|niche;kz|us|uz;google|google-v2
лиды для кредитных брокеров;informational;/blog;0;v1;;google|yandex
лиды для мфо;informational;/blog;0;v1|niche;kz|us|uz;google|google-v2
лиды для недвижимости;informational;/blog;0;v1;;yandex
лиды для продаж;informational;/blog;0;v1;;google
лиды для психолога;informational;/blog;0;v1;;yandex
лиды для психологов;informational;/blog;0;v1|base|niche;ae|am|az|by|de|ge|il|kg|kz|md|tj|tr|ua|us|uz;google|google-v2
лиды для риэлторов;informational;/blog;0;v1|base|niche;ae|am|az|by|de|ge|il|kg|kz|md|tj|tr|ua|us|uz;yandex|google|google-v2
лиды для сво;informational;/blog;0;v1;;yandex|google
лиды для серума;informational;/blog;0;v1;;yandex|google
лиды для стоматологии;informational;/blog;0;v1|base|niche;ae|am|az|by|de|ge|il|kg|kz|md|tj|tr|ua|us|uz;google|yandex|google-v2
лиды для стоматологий;informational;/blog;0;v1;;yandex
лиды для строительной компании;informational;/blog;0;v1;;google
лиды для строительных компаний;informational;/blog;0;v1;;yandex
лиды для тренингов;informational;/blog;0;v1;;yandex
лиды для турагенств;informational;/blog;0;v1|base;ae|am|az|by|de|ge|il|kg|kz|md|tj|tr|ua|us|uz;google|google-v2
лиды для турагентства;informational;/blog;0;v1;;yandex
лиды для фл студио;informational;/blog;0;v1|base;ae|am|az|by|de|ge|il|kg|kz|md|tj|tr|ua|us|uz;google|yandex|google-v2
лиды для юридических компаний;informational;/blog;0;v1;;google|yandex
лиды для юристов;informational;/blog;0;v1|base|niche;ae|am|az|by|de|ge|il|kg|kz|md|tj|tr|ua|us|uz;google|yandex|google-v2
лиды на банкротство физических лиц;informational;/blog;0;v1|niche;kz|us|uz;yandex|google-v2
лиды на натяжные потолки;informational;/blog;0;v1;;yandex
лиды на недвижимость;informational;/blog;0;v1;;yandex
лиды на недвижимость купить;informational;/blog;0;v1;;yandex
лиды на новостройки;informational;/blog;0;v1;;yandex
лиды на новостройки москва;informational;/blog;0;v1;;yandex
лиды на ремонт;informational;/blog;0;v1;;yandex
лиды на ремонт бытовой техники;informational;/blog;0;v1;;yandex
лиды на рко;informational;/blog;0;v1;;yandex
лиды на службу по контракту;informational;/blog;0;v1;;yandex
лиды на строительство каркасных домов;informational;/blog;0;v1;;yandex
настройка рекламы адс менеджер;informational;/blog;0;v1;;google
настройка рекламы алматы;informational;/blog;1;v1;;google
настройка рекламы в вк;informational;/blog;0;v1;;google|yandex
настройка рекламы в контакте;informational;/blog;0;v1;;yandex
настройка рекламы в макс;informational;/blog;0;v1;;google
настройка рекламы в социальных сетях;informational;/blog;0;v1;;google
настройка рекламы вб;informational;/blog;0;v1;;yandex
настройка рекламы вк;informational;/blog;0;v1;;yandex
настройка рекламы директ;informational;/blog;0;v1;;yandex
настройка рекламы для бизнеса;informational;/blog;0;v1;;google
настройка рекламы как называется;informational;/blog;0;v1;;google
настройка рекламы минск;informational;/blog;1;v1;;google
настройка рекламы на амазон;informational;/blog;0;v1;;google
настройка рекламы на вб;informational;/blog;0;v1;;google|yandex
настройка рекламы на вб 2025;informational;/blog;0;v1;;google
настройка рекламы на вб 2026;informational;/blog;0;v1;;google|yandex
настройка рекламы олх;informational;/blog;0;v1;;google
настройка рекламы работа;informational;/blog;0;v1;;google
настройка рекламы рся;informational;/blog;0;v1;;google|yandex
настройка рекламы с помощью нейросети;informational;/blog;0;v1;;google
настройка рекламы сайта;informational;/blog;0;v1;;google
настройка рекламы фриланс;informational;/blog;0;v1;;google
настройка рекламы через ads manager;informational;/blog;0;v1;;google
настройка рекламы это;informational;/blog;0;v1;;google
настройка сквозной аналитики;informational;/blog;0;v1|base;ae|am|az|by|de|ge|il|kg|kz|md|tj|tr|ua|us|uz;google|yandex|google-v2
настройка сквозной аналитики битрикс 24;informational;/blog;0;v1;;yandex
настройка сквозной аналитики битрикс24;informational;/blog;0;v1|base;ae|am|az|by|de|ge|il|kg|kz|md|tj|tr|ua|us|uz;google|google-v2
настройка ga4;informational;/blog;0;v1;;google
платный трафик для впн;informational;/blog;0;v1;;google
привлечение клиентов;informational;/blog;0;v1|base;ae|am|az|by|de|ge|il|kg|kz|md|tj|tr|ua|us|uz;google|yandex|google-v2
привлечение клиентов в автосервис;informational;/blog;0;v1|base;ae|am|az|by|de|ge|il|kg|kz|md|tj|tr|ua|us|uz;google|google-v2
привлечение клиентов в банк;informational;/blog;0;v1|base;ae|am|az|by|de|ge|il|kg|kz|md|tj|tr|ua|us|uz;google|yandex|google-v2
привлечение клиентов вальяк;informational;/blog;0;base;md;google-v2
привлечение клиентов для бизнеса;informational;/blog;0;v1;;yandex
привлечение клиентов для юристов;informational;/blog;0;v1;;yandex
привлечение клиентов на маникюр;informational;/blog;0;v1|base;ae|am|az|by|de|ge|il|kg|kz|md|tj|tr|ua|us|uz;google|google-v2
привлечение клиентов руны;informational;/blog;0;v1|base;ae|am|az|by|de|ge|il|kg|kz|md|tj|tr|ua|us|uz;google|yandex|google-v2
реалистичный трафик для гта 5;informational;/blog;0;v1;;google
реклама для авто;informational;/blog;0;v1;;google|yandex
реклама для автобуса;informational;/blog;0;v1;;yandex
реклама для автомагазина;informational;/blog;0;v1;;google
реклама для автомойка;informational;/blog;0;niche;kz|us|uz;google-v2
реклама для автомойки;informational;/blog;0;v1;;google|yandex
реклама для автосервиса;informational;/blog;0;v1;;yandex
реклама для автосервиса варианты;informational;/blog;0;v1;;yandex
реклама для автосервиса примеры;informational;/blog;0;v1;;yandex
реклама для автошколы;informational;/blog;0;v1;;yandex
реклама для автошколы примеры;informational;/blog;0;v1;;yandex
реклама для автоэлектрика;informational;/blog;0;v1|niche;kz|us|uz;yandex|google-v2
реклама для агентства недвижимости;informational;/blog;0;v1;;google|yandex
реклама для адвоката;informational;/blog;0;v1|niche;kz|us|uz;google|google-v2
реклама для алмазной мозаики;informational;/blog;0;v1;;yandex
реклама для аптека;informational;/blog;0;niche;kz|us|uz;google-v2
реклама для аптеки;informational;/blog;0;v1;;yandex|google
реклама для астролога;informational;/blog;0;niche;uz;google-v2
реклама для ателье;informational;/blog;0;v1|niche;kz|us|uz;yandex|google-v2
реклама для бани;informational;/blog;0;v1;;yandex
реклама для банка;informational;/blog;0;v1|niche;kz|us|uz;yandex|google-v2
реклама для баннера;informational;/blog;0;v1;;yandex
реклама для барбершопа;informational;/blog;0;v1|niche;kz|us|uz;google|yandex|google-v2
реклама для бизнеса;informational;/blog;0;v1|base;ae|am|az|by|de|ge|il|kg|kz|md|tj|tr|ua|us|uz;google|yandex|google-v2
реклама для бизнеса в интернете;informational;/blog;0;v1;;yandex
реклама для бизнеса примеры;informational;/blog;0;v1;;yandex
реклама для бизнеса т банк;informational;/blog;0;v1;;google
реклама для блоггеров;informational;/blog;0;v1;;yandex
реклама для блогеров;informational;/blog;0;v1|base;ae|am|az|by|de|ge|il|kg|kz|md|tj|tr|ua|us|uz;google|google-v2
реклама для бренда одежды;informational;/blog;0;v1;;google|yandex
реклама для брендов каспи;informational;/blog;0;v1;;google
реклама для бритья с леопардами;informational;/blog;0;v1;;yandex
реклама для бритья с рысью;informational;/blog;0;v1;;yandex
реклама для бровиста;informational;/blog;0;v1|niche;kz|us|uz;google|yandex|google-v2
реклама для бровиста текст;informational;/blog;0;niche;kz|us|uz;google-v2
реклама для бьюти мастеров;informational;/blog;0;v1|niche;kz|us|uz;google|google-v2
реклама для вашего бизнеса;informational;/blog;0;v1;;google
реклама для вб;informational;/blog;0;v1;;yandex
реклама для ведущего мероприятий;informational;/blog;0;v1;;yandex
реклама для ветеринарной клиники;informational;/blog;0;v1;;google
реклама для видео;informational;/blog;0;v1;;google|yandex
реклама для визажиста;informational;/blog;0;v1|niche;kz|us|uz;google|google-v2
реклама для визажиста текст;informational;/blog;0;v1|niche;kz|us|uz;google|google-v2
реклама для вк;informational;/blog;0;v1;;google|yandex
реклама для водителей такси;informational;/blog;0;niche;kz|us|uz;google-v2
реклама для волос;informational;/blog;0;v1;;google
реклама для врачей;informational;/blog;0;v1;;yandex
реклама для всего остального есть мастеркард;informational;/blog;0;v1;;google|yandex
реклама для всех;informational;/blog;0;v1;;google|yandex
реклама для выпечки;informational;/blog;0;v1;;google|yandex
реклама для гадалок;informational;/blog;0;v1;;google|yandex
реклама для гостиницы;informational;/blog;0;v1;;yandex
реклама для грузоперевозок;informational;/blog;0;v1;;google|yandex
реклама для дверей;informational;/blog;0;v1;;yandex
реклама для двери;informational;/blog;0;niche;kz|us|uz;google-v2
реклама для детей;informational;/blog;0;v1|base;ae|am|az|by|de|ge|il|kg|kz|md|tj|tr|ua|us|uz;google|yandex|google-v2
реклама для детей агуша;informational;/blog;0;v1;;yandex
реклама для детей кастинг;informational;/blog;0;v1;;google|yandex
реклама для детей подборка;informational;/blog;0;v1;;yandex
реклама для детей подборка рекламы;informational;/blog;0;v1;;yandex
реклама для детейлинга;informational;/blog;0;niche;kz|us|uz;google-v2
реклама для детского сада;informational;/blog;0;v1;;yandex
реклама для детского центра;informational;/blog;0;v1;;google|yandex
реклама для духов;informational;/blog;0;v1;;google|yandex
реклама для жалюзи;informational;/blog;0;v1|niche;kz|us|uz;google|google-v2
реклама для женской одежды;informational;/blog;0;v1;;yandex|google
реклама для женщин;informational;/blog;0;v1;;google|yandex
реклама для животных;informational;/blog;0;v1;;google|yandex
реклама для заведения;informational;/blog;0;v1;;google
реклама для завода;informational;/blog;0;v1;;yandex
реклама для замены масла;informational;/blog;0;v1;;google
реклама для заправки;informational;/blog;0;v1;;google
реклама для заработка;informational;/blog;0;v1;;google|yandex
реклама для застройщика;informational;/blog;0;v1;;google|yandex
реклама для застройщиков;informational;/blog;0;v1|niche;kz|us|uz;yandex|google|google-v2
реклама для здоровья малыша;informational;/blog;0;v1;;google|yandex
реклама для здоровья малыша агуша;informational;/blog;0;v1;;google|yandex
реклама для здоровья малыша черемша;informational;/blog;0;v1;;google|yandex
реклама для зоомагазина;informational;/blog;0;v1;;google|yandex
реклама для зумеров;informational;/blog;0;v1;;google|yandex
реклама для игр;informational;/blog;0;v1;;yandex
реклама для игры;informational;/blog;0;v1;;google|yandex
реклама для изготовления ключей;informational;/blog;0;v1;;yandex
реклама для инвесторов;informational;/blog;0;v1;;google
реклама для интеллигентов;informational;/blog;0;v1;;google
реклама для интернет магазина;informational;/blog;0;v1|niche;kz;google|yandex|google-v2
реклама для интернета;informational;/blog;0;v1;;google
реклама для ип;informational;/blog;0;v1;;google|yandex
реклама для кальянной;informational;/blog;0;v1;;yandex
реклама для канцелярского магазина;informational;/blog;0;v1;;google
реклама для кафе;informational;/blog;0;v1|base|niche;ae|am|az|by|de|ge|il|kg|kz|md|tj|tr|us|uz;google|yandex|google-v2
реклама для кафе быстрого питания;informational;/blog;0;niche;kz|us|uz;google-v2
реклама для кафе текст;informational;/blog;0;v1|niche;kz|us|uz;google|google-v2
реклама для кафе фото;informational;/blog;0;niche;kz|us|uz;google-v2
реклама для кератина;informational;/blog;0;niche;kz|us|uz;google-v2
реклама для кератина и ботокса;informational;/blog;0;niche;kz|us|uz;google-v2
реклама для клиники;informational;/blog;0;v1;;google|yandex
реклама для клининга;informational;/blog;0;v1|niche;kz|us|uz;google|yandex|google-v2
реклама для клининговой компании;informational;/blog;0;niche;kz|us|uz;google-v2
реклама для книги;informational;/blog;0;niche;us;google-v2
реклама для кондитера;informational;/blog;0;v1|niche;kz|us|uz;google|yandex|google-v2
реклама для кондитера текст;informational;/blog;0;v1|niche;kz|us|uz;google|google-v2
реклама для кондитерской;informational;/blog;0;niche;kz|us|uz;google-v2
реклама для кондиционеров;informational;/blog;0;v1;;google
реклама для косметолога;informational;/blog;0;v1|niche;kz|us|uz;google|yandex|google-v2
реклама для косметолога пример;informational;/blog;0;v1;;yandex
реклама для косметолога текст;informational;/blog;0;v1|niche;kz|us|uz;google|google-v2
реклама для косметолога эстетиста;informational;/blog;0;v1|niche;kz|us|uz;google|yandex|google-v2
реклама для кофе;informational;/blog;0;v1;;yandex
реклама для кофейни;informational;/blog;0;v1;;google|yandex
реклама для кофейни идеи;informational;/blog;0;v1;;yandex
реклама для кошек;informational;/blog;0;v1;;yandex
реклама для лагеря;informational;/blog;0;v1;;yandex
реклама для лазерной эпиляции;informational;/blog;0;v1;;google|yandex
реклама для лазерной эпиляции словами;informational;/blog;0;v1;;yandex
реклама для ламинирования ресниц;informational;/blog;0;v1;;google|yandex
реклама для лешмейкера;informational;/blog;0;v1|niche;kz|us|uz;google|yandex|google-v2
реклама для ловозерцев;informational;/blog;0;v1;;yandex
реклама для логистической компании;informational;/blog;0;v1;;yandex
реклама для логопеда;informational;/blog;0;v1|niche;kz|us|uz;google|yandex|google-v2
реклама для лопаты;informational;/blog;0;v1;;yandex
реклама для лопаты труд;informational;/blog;0;v1;;yandex
реклама для магазина;informational;/blog;0;v1|base;ae|am|az|by|de|ge|il|kg|kz|md|tj|tr|ua|us|uz;google|yandex|google-v2
реклама для магазина автозапчастей;informational;/blog;0;v1;;yandex
реклама для магазина мебели;informational;/blog;0;v1;;google
реклама для магазина одежды;informational;/blog;0;v1;;yandex
реклама для магазина одежды и обуви текст;informational;/blog;0;v1;;yandex
реклама для магазина одежды текст примеры;informational;/blog;0;v1;;yandex
реклама для магазина продуктов;informational;/blog;0;v1;;yandex
реклама для магазина сантехники;informational;/blog;0;niche;kz|us|uz;google-v2
реклама для магазина цветов;informational;/blog;0;v1;;yandex
реклама для маленьких стримеров;informational;/blog;0;v1;;google|yandex
реклама для малого бизнеса;informational;/blog;0;v1;;google
реклама для маникюра;informational;/blog;0;v1;;google|yandex
реклама для маникюра текст;informational;/blog;0;v1;;google
реклама для массажа;informational;/blog;0;v1;;google
реклама для массажа текст пример и фото;informational;/blog;0;v1;;yandex
реклама для массажиста;informational;/blog;0;v1|niche;kz|us|uz;google|google-v2
реклама для массажиста текст;informational;/blog;0;niche;kz|us|uz;google-v2
реклама для мастера кератина;informational;/blog;0;niche;kz|us|uz;google-v2
реклама для мастера маникюра;informational;/blog;0;v1;;google
реклама для мебели;informational;/blog;0;v1;;google|yandex
реклама для мебели на заказ;informational;/blog;0;v1;;google
реклама для мебельного магазина;informational;/blog;0;v1|niche;us|uz;yandex|google-v2
реклама для мебельщиков;informational;/blog;0;niche;us|uz;google-v2
реклама для меда;informational;/blog;0;v1;;google|yandex
реклама для медицинского центра;informational;/blog;0;v1;;google
реклама для меня;informational;/blog;0;v1;;yandex
реклама для мороженого;informational;/blog;0;v1;;yandex
реклама для мясного магазина;informational;/blog;0;v1;;google
реклама для наращивания ресниц;informational;/blog;0;v1;;google|yandex
реклама для наращивания ресниц текст;informational;/blog;0;v1;;yandex
реклама для натяжных потолков;informational;/blog;0;v1;;google|yandex
реклама для начинающего мастера маникюра;informational;/blog;0;v1;;yandex
реклама для начинающих блогеров;informational;/blog;0;v1;;google|yandex
реклама для начинающих стримеров;informational;/blog;0;v1|base;ae|am|az|by|de|ge|il|kg|kz|md|tj|tr|ua|us|uz;google|yandex|google-v2
реклама для него и для нее;informational;/blog;0;v1;;yandex
реклама для недвижимости;informational;/blog;0;v1;;yandex
реклама для нко;informational;/blog;0;v1|niche;kz|us|uz;yandex|google-v2
реклама для ногтей;informational;/blog;0;v1;;yandex
реклама для нутрициолога;informational;/blog;0;infobiz;ae|am|az|by|de|ge|il|kg|kz|md|tj|tr|ua|us|uz;google-v2
реклама для обуви;informational;/blog;0;v1;;google
реклама для общепита;informational;/blog;0;v1;;google|yandex
реклама для овощей и фруктов;informational;/blog;0;v1;;yandex
реклама для овощи фрукты;informational;/blog;0;v1;;google
реклама для одежды;informational;/blog;0;v1;;google|yandex
реклама для озвучки;informational;/blog;0;v1;;google|yandex
реклама для окна;informational;/blog;0;niche;kz|us|uz;google-v2
реклама для окон;informational;/blog;0;v1;;google
реклама для онлайн школ;informational;/blog;0;v1;;google
реклама для оптики;informational;/blog;0;v1;;google|yandex
реклама для отеля;informational;/blog;0;v1;;yandex
реклама для открытия магазина;informational;/blog;0;v1;;google
реклама для парикмахера;informational;/blog;0;v1|niche;kz|us|uz;google|google-v2
реклама для парикмахера для привлечения клиентов;informational;/blog;0;v1;;yandex
реклама для парикмахера текст;informational;/blog;0;niche;kz|us|uz;google-v2
реклама для парикмахерская;informational;/blog;0;niche;kz|us|uz;google-v2
реклама для парикмахерской;informational;/blog;0;v1|niche;kz|us|uz;google|yandex|google-v2
реклама для парикмахерской фото;informational;/blog;0;niche;kz|us|uz;google-v2
реклама для парфюма;informational;/blog;0;v1;;google
реклама для парфюмерии;informational;/blog;0;v1;;yandex
реклама для пекарни;informational;/blog;0;v1;;google
реклама для перманентного макияжа;informational;/blog;0;v1;;google
реклама для пива;informational;/blog;0;v1;;yandex
реклама для пивного магазина;informational;/blog;0;v1;;google
реклама для пиццерии;informational;/blog;0;v1;;yandex
реклама для повышения рождаемости;informational;/blog;0;v1;;google
реклама для подготовки к школе;informational;/blog;0;v1;;google
реклама для покоса травы;informational;/blog;0;v1;;yandex
реклама для продажи авто;informational;/blog;0;v1;;yandex
реклама для продажи меда;informational;/blog;0;v1;;google
реклама для продвижения бизнеса;informational;/blog;0;v1;;google
реклама для продуктового магазина;informational;/blog;0;v1;;yandex
реклама для психолога;informational;/blog;0;v1|infobiz|niche;ae|am|az|by|de|ge|il|kg|kz|md|tj|tr|ua|us|uz;google|yandex|google-v2
реклама для разделочной доски;informational;/blog;0;v1;;yandex
реклама для разливного пива;informational;/blog;0;v1;;google
реклама для ребенка;informational;/blog;0;v1;;google
реклама для редбула;informational;/blog;0;v1;;yandex
реклама для рекламного агентства;informational;/blog;0;v1;;yandex
реклама для репетитора;informational;/blog;0;v1|infobiz|niche;ae|am|az|by|de|ge|il|kg|kz|md|tj|tr|ua|us|uz;google|google-v2
реклама для репетитора по английскому;informational;/blog;0;v1;;yandex
реклама для ресниц;informational;/blog;0;v1;;google
реклама для ресторана;informational;/blog;0;v1|niche;kz|us|uz;google|yandex|google-v2
реклама для ресторана примеры;informational;/blog;0;v1;;yandex
реклама для ресторана текст;informational;/blog;0;v1|niche;kz|us|uz;google|google-v2
реклама для ресторанов;informational;/blog;0;niche;kz|us|uz;google-v2
реклама для риэлтора;informational;/blog;0;v1|niche;kz|us|uz;yandex|google-v2
реклама для ростовых кукол;informational;/blog;0;v1;;yandex
реклама для рыбного магазина;informational;/blog;0;v1;;google|yandex
реклама для рыболовного магазина;informational;/blog;0;v1;;yandex
реклама для садика;informational;/blog;0;v1;;yandex
реклама для сайта;informational;/blog;0;v1;;google|yandex
реклама для сайта заработок;informational;/blog;0;v1;;yandex
реклама для салон красоты;informational;/blog;0;niche;kz|us|uz;google-v2
реклама для салона;informational;/blog;0;v1;;yandex
реклама для салона красоты;informational;/blog;0;v1|base;ae|am|az|by|de|ge|il|kg|kz|md|tj|tr|ua|us|uz;google|yandex|google-v2
реклама для салона красоты пример;informational;/blog;0;v1;;google
реклама для салона красоты самая эффективная;informational;/blog;0;v1;;yandex
реклама для салона красоты текст;informational;/blog;0;v1;;google
реклама для салона красоты фото;informational;/blog;0;v1;;google
реклама для сантехника;informational;/blog;0;v1|niche;kz|us|uz;google|yandex|google-v2
реклама для соцсетей;informational;/blog;0;v1;;yandex
реклама для сто;informational;/blog;0;v1|niche;kz|us|uz;google|google-v2
реклама для столовой;informational;/blog;0;v1|niche;kz|us|uz;yandex|google-v2
реклама для стоматолога;informational;/blog;0;v1;;yandex
реклама для стоматологии;informational;/blog;0;v1|niche;kz|us|uz;google|yandex|google-v2
реклама для стоматологии примеры;informational;/blog;0;v1;;yandex
реклама для стоматологической клиники;informational;/blog;0;v1|niche;kz|us|uz;google|google-v2
реклама для стрима;informational;/blog;0;v1;;yandex
реклама для стримеров;informational;/blog;0;v1;;google
реклама для стримеров на твиче;informational;/blog;0;v1;;google
реклама для строительной компании;informational;/blog;0;v1;;yandex|google
реклама для такси;informational;/blog;0;v1|niche;kz|us|uz;google|yandex|google-v2
реклама для такси для привлечения клиентов;informational;/blog;0;v1;;yandex
реклама для такси текст;informational;/blog;0;niche;kz|us|uz;google-v2
реклама для таролога;informational;/blog;0;v1;;google
реклама для тату мастера;informational;/blog;0;niche;kz|us|uz;google-v2
реклама для твича;informational;/blog;0;v1|base;ua;google|yandex|google-v2
реклама для тг;informational;/blog;0;v1;;google|yandex
реклама для тг канала;informational;/blog;0;v1;;yandex|google
реклама для тг каналов;informational;/blog;0;v1;;yandex
реклама для тгк;informational;/blog;0;v1;;google
реклама для типографии;informational;/blog;0;v1;;yandex
реклама для транспортной компании;informational;/blog;0;v1;;google
реклама для тротуарной плитки;informational;/blog;0;v1;;yandex
реклама для тт;informational;/blog;0;v1;;google
реклама для турагентства;informational;/blog;0;v1;;google|yandex
реклама для туризма;informational;/blog;0;v1|niche;us;google|google-v2
реклама для уборки;informational;/blog;0;v1;;google
реклама для улицы;informational;/blog;0;v1;;google
реклама для учебного центра;informational;/blog;0;v1;;google
реклама для учителя;informational;/blog;0;v1;;google
реклама для учителя английского языка;informational;/blog;0;v1;;google
реклама для учреждений культуры;informational;/blog;0;v1;;yandex
реклама для фартука;informational;/blog;0;v1;;yandex
реклама для фаст фуда;informational;/blog;0;v1;;google|yandex
реклама для фитнес клуба;informational;/blog;0;v1|niche;kz|us|uz;google|yandex|google-v2
реклама для фитнес тренера;informational;/blog;0;v1|niche;kz|us|uz;google|google-v2
реклама для флуда;informational;/blog;0;v1;;google|yandex
реклама для флуда идеи;informational;/blog;0;v1;;yandex
реклама для фотографа;informational;/blog;0;v1;;yandex
реклама для фотографа пример;informational;/blog;0;niche;kz|us|uz;google-v2
реклама для фотографа примеры;informational;/blog;0;v1;;yandex
реклама для фотографа текст;informational;/blog;0;v1|niche;kz|us|uz;google|google-v2
реклама для фотосалона;informational;/blog;0;v1;;yandex
реклама для фотостудии;informational;/blog;0;v1;;yandex
реклама для футболки;informational;/blog;0;v1;;yandex
реклама для химчистки авто;informational;/blog;0;v1;;yandex
реклама для хотспот;informational;/blog;0;v1;;yandex
реклама для хотспота;informational;/blog;0;v1;;yandex
реклама для художника;informational;/blog;0;v1;;google
реклама для цветов;informational;/blog;0;v1;;google
реклама для цветочного магазина;informational;/blog;0;v1;;google|yandex
реклама для цветочного магазина текст;informational;/blog;0;v1;;yandex
реклама для чего нужна;informational;/blog;0;v1;;google|yandex
реклама для черенка лопаты;informational;/blog;0;v1;;yandex
реклама для шаурмичной;informational;/blog;0;v1;;google|yandex
реклама для шаурмы;informational;/blog;0;v1;;google|yandex
реклама для шаурмы фото;informational;/blog;0;v1;;google
реклама для шашлыка;informational;/blog;0;v1;;google|yandex
реклама для шашлычной;informational;/blog;0;v1;;yandex
реклама для швеи;informational;/blog;0;v1;;google|yandex
реклама для швейного ателье;informational;/blog;0;v1|niche;kz|us|uz;google|yandex|google-v2
реклама для шиномонтажа;informational;/blog;0;v1|niche;kz|us|uz;google|yandex|google-v2
реклама для шиномонтажа фото;informational;/blog;0;niche;kz|us|uz;google-v2
реклама для школы;informational;/blog;0;v1;;google|yandex
реклама для шортс;informational;/blog;0;v1;;google|yandex
реклама для шортсов;informational;/blog;0;v1;;yandex
реклама для шугаринга;informational;/blog;0;niche;kz|us|uz;google-v2
реклама для шугаринга текст;informational;/blog;0;niche;kz|us|uz;google-v2
реклама для эвакуатора;informational;/blog;0;v1|niche;kz|us|uz;google|yandex|google-v2
реклама для электората 6 букв;informational;/blog;0;v1;;google
реклама для электрика;informational;/blog;0;v1|niche;kz|us|uz;google|yandex|google-v2
реклама для электромонтажника;informational;/blog;0;v1;;yandex
реклама для ювелирного магазина;informational;/blog;0;v1;;google
реклама для юридической компании;informational;/blog;0;v1;;google
реклама для юриста;informational;/blog;0;v1|niche;kz|us|uz;google|yandex|google-v2
реклама для юристов;informational;/blog;0;v1;;yandex
реклама для ящика для инструментов;informational;/blog;0;v1;;yandex
реклама на авто;informational;/blog;0;v1;;google
реклама на европа плюс;informational;/blog;1;v1;;yandex
реклама на мебельный магазин;informational;/blog;0;niche;kz|us|uz;google-v2
реклама на телефоне;informational;/blog;0;v1;;google
реклама на хоккейных бортах;informational;/blog;0;v1;;yandex
реклама на холодильник;informational;/blog;0;v1;;yandex
реклама на холодильниках самсунг;informational;/blog;0;v1;;yandex
реклама на хореке что это;informational;/blog;0;v1;;yandex
реклама на хотспотах;informational;/blog;0;v1;;yandex
сквозная аналитика;informational;/blog;0;v1|base;ae|am|az|by|de|ge|il|kg|kz|md|tj|tr|ua|us|uz;google|yandex|google-v2
сквозная аналитика б24;informational;/blog;0;v1|base;ae|am|az|by|de|ge|il|kg|kz|md|tj|tr|ua|us|uz;google|google-v2
сквозная аналитика битрикс;informational;/blog;0;v1|base;ae|am|az|by|de|ge|il|kg|kz|md|tj|tr|ua|us|uz;google|yandex|google-v2
сквозная аналитика битрикс24;informational;/blog;0;v1|base;ae|am|az|by|de|ge|il|kg|kz|md|tj|tr|ua|us|uz;google|yandex|google-v2
сквозная аналитика в битрикс24.crm;informational;/blog;0;v1;;yandex
сквозная аналитика в маркетинге;informational;/blog;0;v1|base;ae|am|az|by|de|ge|il|kg|kz|md|tj|tr|ua|us|uz;google|yandex|google-v2
сквозная аналитика в маркетинге это;informational;/blog;0;v1|base;ae|am|az|by|de|ge|il|kg|kz|md|tj|tr|ua|us|uz;google|google-v2
сквозная аналитика для соц сетей;informational;/blog;0;v1;;yandex
сквозная аналитика манго;informational;/blog;0;v1;;yandex
сквозная аналитика ройстат;informational;/blog;0;v1|base;ae|am|az|by|de|ge|il|kg|kz|md|tj|tr|ua|us|uz;google|google-v2
сквозная аналитика сервисы;informational;/blog;0;v1|base;ae|am|az|by|de|ge|il|kg|kz|md|tj|tr|ua|us|uz;google|google-v2
сквозная аналитика что это;informational;/blog;0;v1;;yandex
сквозная аналитика это;informational;/blog;0;v1|base;ae|am|az|by|de|ge|il|kg|kz|md|tj|tr|ua|us|uz;google|yandex|google-v2
социальная реклама для элиты;informational;/blog;0;v1;;google
тинькофф реклама для бизнеса;informational;/blog;0;v1;;google
трафик для ассето корса;informational;/blog;0;v1;;yandex
трафик для белых списков;informational;/blog;0;v1;;google
трафик для бимки;informational;/blog;0;v1|base;ae|am|az|by|de|ge|il|kg|kz|md|tj|tr|ua|us|uz;google|yandex|google-v2
трафик для впн;informational;/blog;0;v1;;google
трафик для гта 5;informational;/blog;0;v1;;google|yandex
трафик для гта са;informational;/blog;0;v1;;yandex
трафик для душа;informational;/blog;0;v1;;google
трафик для интернет магазина;informational;/blog;0;v1;;google
трафик для инфобизнеса;informational;/blog;0;v1|infobiz;ae|am|az|by|de|ge|il|kg|kz|md|tj|tr|ua|us|uz;google|google-v2
трафик для карты hamburg;informational;/blog;0;v1;;yandex
трафик для карты russian highway project;informational;/blog;0;v1;;yandex
трафик для котов;informational;/blog;0;v1;;google
трафик для омси 2;informational;/blog;0;v1;;yandex
трафик для онлайн школ;informational;/blog;0;v1;;yandex
трафик для перехода по ссылке;informational;/blog;0;v1;;yandex
трафик для сайта;informational;/blog;0;v1;;google
трафик для серых ниш;informational;/blog;0;v1;;google
трафик для сити кар драйвинг;informational;/blog;0;v1|base;ae|am|az|by|de|ge|il|kg|kz|md|tj|tr|ua|us|uz;google|yandex|google-v2
трафик для сити кар драйвинг 1 5 9 2;informational;/blog;0;v1;;yandex
трафик для тг канала;informational;/blog;0;v1;;google
трафик для шуток;informational;/blog;0;v1;;yandex
трафик для шутоку;informational;/blog;0;v1|base;ae|az|by|de|ge|kg|kz|md|tj|tr|ua|us|uz;google|yandex|google-v2
трафик на англ;informational;/blog;0;v1;;yandex
трафик на банки;informational;/blog;0;v1;;google
трафик на банки это;informational;/blog;0;v1;;yandex
трафик на впн;informational;/blog;0;v1;;yandex
трафик на высокой скорости;informational;/blog;0;v1;;yandex|google
трафик на дорогах;informational;/blog;0;v1;;yandex|google
трафик на дороге это;informational;/blog;0;v1;;google
трафик на интернет;informational;/blog;0;v1;;yandex
трафик на ленинградке;informational;/blog;0;v1;;yandex
трафик на онлифанс;informational;/blog;0;v1;;google
трафик на рко;informational;/blog;0;v1;;yandex
трафик на русском;informational;/blog;0;v1;;google
трафик на сайт;informational;/blog;0;v1;;google
трафик на сайт это;informational;/blog;0;v1;;yandex
трафик на фансли;informational;/blog;0;v1;;yandex
трафик на феникс;informational;/blog;0;v1;;yandex
трафик на фриланс;informational;/blog;0;v1;;yandex
трафик на шутоко ассето корса;informational;/blog;0;v1;;yandex
фото реклама для электрика и сантехника;informational;/blog;0;niche;kz|us|uz;google-v2
эффективная реклама для косметолога;informational;/blog;0;v1|niche;kz|us|uz;google|google-v2
эффективная реклама для риэлтора;informational;/blog;0;niche;kz|us|uz;google-v2
юнит экономика;informational;/blog;0;v1;;google|yandex
юнит экономика в маркетинге это;informational;/blog;0;v1;;yandex
юнит экономика вб;informational;/blog;0;v1;;google|yandex
юнит экономика каспи;informational;/blog;0;v1;;google
юнит экономика таблица;informational;/blog;0;v1;;google
юнит экономика узум;informational;/blog;0;v1;;google
юнит экономика что это;informational;/blog;0;v1;;yandex
юнит экономика это;informational;/blog;0;v1;;google|yandex
юнит-экономика что это простыми словами;informational;/blog;0;v1;;yandex
conversions api;informational;/blog;0;v1|base;ae|am|az|by|de|ge|il|kg|kz|md|tj|tr|ua|us|uz;google|google-v2
conversions api • web-only connection pending;informational;/blog;0;v1;;google
conversions api это;informational;/blog;0;v1|base;ae|am|az|by|de|ge|il|kg|kz|md|tj|tr|ua|us|uz;google|google-v2
conversions api application;informational;/blog;0;v1|base;ae|am|az|by|de|ge|il|kg|kz|md|tj|tr|ua|us|uz;google|google-v2
conversions api capi;informational;/blog;0;base;ae|am|az|by|de|ge|il|kg|kz|md|tj|tr|ua|us|uz;google-v2
conversions api for business messaging;informational;/blog;0;v1;;google
conversions api gateway;informational;/blog;0;v1|base;ae|am|az|by|de|ge|il|kg|kz|md|tj|tr|ua|us|uz;google|google-v2
conversions api meaning;informational;/blog;0;base;tr;google-v2
conversions api system user;informational;/blog;0;base;ae|am|az|by|de|ge|il|kg|kz|md|tj|tr|ua|us|uz;google-v2
conversions api token;informational;/blog;0;v1|base;ae|am|az|by|de|ge|il|kg|kz|md|tj|tr|ua|us|uz;google|google-v2
enhanced conversions;informational;/blog;0;v1;;google
enhanced conversions for leads;informational;/blog;0;v1;;google
enhanced conversions ga4;informational;/blog;0;v1;;google
enhanced conversions gtm;informational;/blog;0;v1;;google
enhanced conversions needs attention;informational;/blog;0;v1;;google
ga4 вход;informational;/blog;0;base;ae|am|az|by|de|ge|il|kg|kz|md|tj|tr|ua|us|uz;google-v2
ga4 это;informational;/blog;0;base;ae|am|az|by|de|ge|il|kg|kz|md|tj|tr|ua|us|uz;google-v2
ga4 analytics;informational;/blog;0;base;kz;google-v2
ga4 login;informational;/blog;0;base;ae|am|az|by|de|ge|il|kg|kz|md|tj|tr|ua|us|uz;google-v2
gtm настройка;informational;/blog;0;v1;;google
gtm сигареты;informational;/blog;0;base;ae|am|az|by|de|ge|il|kg|kz|md|tj|tr|ua|uz;google-v2
gtm что это;informational;/blog;0;base;ae|am|az|by|de|ge|il|kg|kz|md|tj|tr|ua|uz;google-v2
gtm это;informational;/blog;0;base;us;google-v2
gtm filter cigarettes;informational;/blog;0;base;ae|am|az|by|de|ge|il|kg|kz|md|tj|tr|ua|uz;google-v2
gtm sigaret;informational;/blog;0;base;ae|am|az|by|de|ge|il|kg|kz|md|tj|tr|ua|uz;google-v2
offline conversions api;informational;/blog;0;v1;;google
бюджет на рекламу;informational;/calculator;0;v1|base;ae|am|az|by|de|ge|il|kg|kz|md|tj|tr|ua|us|uz;google|yandex|google-v2
бюджет на рекламу в вк;informational;/calculator;0;v1|base;ae|am|az|by|de|ge|il|kg|kz|md|tj|tr|ua|us|uz;google|google-v2
бюджет на рекламу в инстаграм;informational;/calculator;0;v1|base;ae|am|az|by|de|ge|il|kg|kz|md|tj|tr|ua|us|uz;google|google-v2
минимальный бюджет на рекламу в вк;informational;/calculator;0;v1|base;ae|am|az|by|de|ge|il|kg|kz|md|tj|tr|ua|us|uz;google|google-v2
минимальный бюджет на рекламу в инстаграм;informational;/calculator;0;v1|base;ae|am|az|by|de|ge|il|kg|kz|md|tj|tr|ua|us|uz;google|google-v2
мировой бюджет на рекламу;informational;/calculator;0;v1|base;ae|am|az|by|de|ge|il|kg|kz|md|tj|tr|ua|us|uz;google|google-v2
удваиваем бюджет на рекламу;informational;/calculator;0;v1|base;ae|am|az|by|de|ge|il|kg|kz|md|tj|tr|ua|us|uz;google|google-v2
лиды есть продаж нет;informational;/consult;0;v1;;google
таргетированная реклама в инстаграм доступна;informational;/faq;0;v1;;yandex
агентство ведение контекстной рекламы;informational;/google-ads;0;v1;;yandex
арбитраж трафика в google ads;informational;/google-ads;0;v1;;yandex
бюджет на контекстную рекламу;informational;/google-ads;0;v1|base;ae|am|az|by|de|ge|il|kg|kz|md|tj|tr|ua|us|uz;google|google-v2
ведение контекстной рекламы;informational;/google-ads;0;v1;;google|yandex
ведение контекстной рекламы минск;informational;/google-ads;1;v1;;google
ведение контекстной рекламы москва;informational;/google-ads;0;v1;;yandex
ведение google ads;informational;/google-ads;0;v1|base;ae|am|az|by|de|ge|il|kg|kz|md|tj|tr|ua|us|uz;google|google-v2
гугл адс вход в личный кабинет;informational;/google-ads;0;v1;;yandex
гугл адс кабинет;informational;/google-ads;0;v1;;yandex
гугл адс либрари;informational;/google-ads;0;v1;;yandex
гугл адс мой кабинет;informational;/google-ads;0;v1;;yandex
гугл адс подбор ключевых слов;informational;/google-ads;0;v1;;yandex
гугл адс поддержка;informational;/google-ads;0;v1;;yandex
гугл адс работает ли в россии;informational;/google-ads;0;v1;;yandex
гугл адс что это;informational;/google-ads;0;v1;;yandex
гугл адс эдитор;informational;/google-ads;0;v1;;yandex
гугл адс это;informational;/google-ads;0;v1;;yandex
гугл реклама для новичков;informational;/google-ads;0;v1;;google
гугл шоппинг;informational;/google-ads;0;v1;;google|yandex
заработок на google ads;informational;/google-ads;0;v1;;yandex
контекстная и таргетированная реклама;informational;/google-ads;0;v1;;yandex
контекстная и таргетированная реклама отличия;informational;/google-ads;0;v1;;yandex
контекстная и таргетированная реклама что это;informational;/google-ads;0;v1;;yandex
контекстная и таргетированная реклама это;informational;/google-ads;0;v1;;yandex|google
контекстная реклама в гугле;informational;/google-ads;0;v1;;yandex
контекстная реклама гугл;informational;/google-ads;0;v1|base;ae|am|az|by|de|ge|il|kg|kz|md|tj|tr|ua|us|uz;google|yandex|google-v2
контекстная реклама гугл адс;informational;/google-ads;0;v1|base;ae|am|az|by|de|ge|il|kg|kz|md|tj|tr|ua|us|uz;google|google-v2
контекстная реклама гугл алматы;informational;/google-ads;1;v1|base;ae|am|az|by|de|ge|il|kg|kz|md|tj|tr|ua|us|uz;google|google-v2
контекстная реклама гугл в россии;informational;/google-ads;0;v1|base;ae|am|az|by|de|ge|il|kg|kz|md|tj|tr|ua|us|uz;google|google-v2
контекстная реклама гугл на своем сайте;informational;/google-ads;0;v1;;yandex
контекстная реклама гугл это;informational;/google-ads;0;v1|base;ae|am|az|by|de|ge|il|kg|kz|md|tj|tr|ua|us|uz;google|google-v2
контекстная реклама для застройщиков;informational;/google-ads;0;niche;kz|us|uz;google-v2
контекстная реклама для стоматологии;informational;/google-ads;0;v1|niche;kz|us|uz;google|yandex|google-v2
контекстная реклама для b2b;informational;/google-ads;0;v1;;google|yandex
контекстная реклама и таргетированная реклама;informational;/google-ads;0;v1;;yandex
контекстная реклама настройка и ведение;informational;/google-ads;0;v1;;yandex
контекстная реклама от google/yandex;informational;/google-ads;0;v1;;yandex
контекстная реклама google adsense;informational;/google-ads;0;v1;;yandex
макросы google ads;informational;/google-ads;0;v1;;google
маркетолог google ads;informational;/google-ads;0;v1;;google
мсс google ads;informational;/google-ads;0;v1;;google
настройка гугл аналитики;informational;/google-ads;0;v1|base;ae|am|az|by|de|ge|il|kg|kz|md|tj|tr|ua|us|uz;google|google-v2
настройка гугл аналитики 4;informational;/google-ads;0;v1|base;ae|am|az|by|de|ge|il|kg|kz|md|tj|tr|ua|us|uz;google|google-v2
настройка гугл пиксель;informational;/google-ads;0;v1;;yandex
настройка гугл рекламы;informational;/google-ads;0;v1;;google|yandex
настройка гугл рекламы алматы;informational;/google-ads;1;v1;;google
настройка гугл рекламы олх;informational;/google-ads;0;v1;;google
настройка и ведение контекстной рекламы;informational;/google-ads;0;v1;;google|yandex
настройка конверсий google ads;informational;/google-ads;0;v1|base;ae|am|az|by|de|ge|il|kg|kz|md|tj|tr|ua|us|uz;google|google-v2
настройка контекстной рекламы;informational;/google-ads;0;v1;;google|yandex
настройка контекстной рекламы агентство;informational;/google-ads;0;v1;;yandex
настройка контекстной рекламы алматы;informational;/google-ads;1;v1;;google
настройка контекстной рекламы в гугл;informational;/google-ads;0;v1;;google
настройка контекстной рекламы в москве;informational;/google-ads;0;v1;;yandex
настройка контекстной рекламы гугл;informational;/google-ads;0;v1;;google
настройка контекстной рекламы гугл алматы;informational;/google-ads;1;v1;;google
настройка контекстной рекламы минск;informational;/google-ads;1;v1;;google|yandex
настройка контекстной рекламы москва;informational;/google-ads;0;v1;;yandex
настройка контекстной рекламы работа;informational;/google-ads;0;v1;;google
настройка контекстной рекламы челябинск;informational;/google-ads;0;v1;;yandex
настройка контекстной рекламы это;informational;/google-ads;0;v1;;google
настройка контекстной рекламы google ads;informational;/google-ads;0;v1|base;ae|am|az|by|de|ge|il|kg|kz|md|tj|tr|ua|us|uz;google|google-v2
настройка на google ads 2026;informational;/google-ads;0;v1|base;ae|am|az|by|de|ge|il|kg|kz|md|tj|tr|ua|us|uz;google|google-v2
настройка рекламы в гугл;informational;/google-ads;0;v1;;yandex|google
настройка рекламы в гугл адс;informational;/google-ads;0;v1;;yandex|google
настройка рекламы в гугл картах;informational;/google-ads;0;v1;;google
настройка рекламы в google ads;informational;/google-ads;0;v1;;google
настройка рекламы гугл;informational;/google-ads;0;v1;;yandex|google
настройка рекламы гугл адс;informational;/google-ads;0;v1;;google
настройка рекламы гугл олх;informational;/google-ads;0;v1;;google
настройка рекламы гугл шопинг;informational;/google-ads;0;v1;;google
настройка рекламы google ads;informational;/google-ads;0;v1|base;am|az|by|de|ge|il|kg|kz|md|tj|tr|ua|us|uz;google|google-v2
настройка ремаркетинга в google ads;informational;/google-ads;0;v1|base;ae|am|az|by|de|ge|il|kg|kz|md|tj|tr|ua|us|uz;google|google-v2
настройка google ads;informational;/google-ads;0;v1|base;ae|am|az|by|de|ge|il|kg|kz|md|tj|tr|ua|us|uz;google|yandex|google-v2
настройка google ads 2025;informational;/google-ads;0;v1|base;ae|am|az|by|de|ge|il|kg|kz|md|tj|tr|ua|us|uz;google|yandex|google-v2
неподдерживаемый язык google ads;informational;/google-ads;0;v1;;yandex
продать google ads аккаунт;informational;/google-ads;0;v1;;google
работает ли google ads в россии;informational;/google-ads;0;v1;;yandex
разработка и ведение контекстной рекламы для компании по банкротству;informational;/google-ads;0;v1;;google
реклама в гугл;informational;/google-ads;0;v1|base;ae|am|az|by|de|ge|il|kg|kz|md|tj|tr|ua|us|uz;google|yandex|google-v2
реклама в гугл адс;informational;/google-ads;0;v1|base;ae|am|az|by|de|ge|il|kg|kz|md|tj|tr|ua|us|uz;google|yandex|google-v2
реклама в гугл баннер;informational;/google-ads;0;v1;;yandex
реклама в гугл в казахстане;informational;/google-ads;1;v1;;yandex
реклама в гугл в россии;informational;/google-ads;0;v1|base;ae|am|az|by|de|ge|il|kg|kz|md|tj|tr|ua|us|uz;google|google-v2
реклама в гугл картах;informational;/google-ads;0;v1|base;ae|am|az|by|de|ge|il|kg|kz|md|tj|tr|ua|us|uz;google|yandex|google-v2
реклама в гугл плей;informational;/google-ads;0;v1|base;ae|am|az|by|de|ge|il|kg|kz|md|tj|tr|ua|us|uz;google|yandex|google-v2
реклама в гугл поиске;informational;/google-ads;0;v1|base;ae|am|az|by|de|ge|il|kg|kz|md|tj|tr|ua|us|uz;google|google-v2
реклама в google;informational;/google-ads;0;v1;;google|yandex
реклама в google картах;informational;/google-ads;0;v1;;google
реклама в google ads;informational;/google-ads;0;v1;;google|yandex
реклама в google ads в россии;informational;/google-ads;0;v1;;yandex
реклама в google chrome;informational;/google-ads;0;v1;;google
реклама в google maps;informational;/google-ads;0;v1;;google
реклама в google: как взять расходы на вычеты по кпн;informational;/google-ads;0;v1;;yandex
создание и ведение контекстной рекламы;informational;/google-ads;0;v1;;yandex
спеціаліст google ads;informational;/google-ads;0;base;md;google-v2
таргетированная и контекстная реклама;informational;/google-ads;0;v1;;yandex
таргетированная реклама гугл;informational;/google-ads;0;v1;;google
таргетированная реклама и контекстная реклама;informational;/google-ads;0;v1;;google|yandex
таргетированная реклама или контекстная;informational;/google-ads;0;v1;;google
таргетированная реклама отличие от контекстной;informational;/google-ads;0;v1;;google
таргетолог гугл;informational;/google-ads;0;v1;;google
таргетолог гугл адс;informational;/google-ads;0;v1;;google
таргетолог google ads;informational;/google-ads;0;v1;;yandex
тех поддержка гугл адс;informational;/google-ads;0;v1;;yandex
техподдержка google ads;informational;/google-ads;0;v1;;google
фахівець google ads;informational;/google-ads;0;v1;;google
фриланс google ads;informational;/google-ads;0;v1;;google
хорошоп google ads;informational;/google-ads;0;v1;;google
audit google ads;informational;/google-ads;0;v1|base;ae|am|az|by|de|ge|il|kg|kz|md|tj|tr|ua|us|uz;google|google-v2
audit google ads account;informational;/google-ads;0;v1|base;ae|am|az|by|de|ge|il|kg|kz|md|tj|tr|ua|us|uz;google|google-v2
check google ads;informational;/google-ads;0;v1|base;ae|am|az|by|de|ge|il|kg|kz|md|tj|tr|ua|us|uz;google|google-v2
check google ads for a website;informational;/google-ads;0;v1|base;ae|am|az|by|de|ge|il|kg|kz|md|tj|tr|ua|us|uz;google|google-v2
check google ads of competitors;informational;/google-ads;0;v1|base;ae|am|az|by|de|ge|il|kg|kz|md|tj|tr|ua|us|uz;google|google-v2
check google ads transparency;informational;/google-ads;0;v1|base;ae|am|az|by|de|ge|il|kg|kz|md|tj|tr|ua|us|uz;google|google-v2
check google adsense;informational;/google-ads;0;v1|base;ae|am|az|by|de|ge|il|kg|kz|md|tj|tr|ua|us|uz;google|google-v2
consultant google ads;informational;/google-ads;0;v1|base;ae|am|az|by|de|ge|il|kg|kz|md|tj|tr|ua|us|uz;google|google-v2
consultant google ads freelance;informational;/google-ads;0;v1;;google
consultant google ads paris;informational;/google-ads;0;v1|base;ae|am|az|by|de|ge|il|kg|kz|md|tj|tr|ua|us|uz;google|google-v2
demand gen google ads что это;informational;/google-ads;0;v1;;google
demand gen google ads это;informational;/google-ads;0;v1;;google
enhanced conversions for leads google ads;informational;/google-ads;0;v1;;google
enhanced conversions google;informational;/google-ads;0;v1;;google
enhanced conversions google ads;informational;/google-ads;0;v1;;google
enhanced conversions google tag manager;informational;/google-ads;0;v1;;google
european commission google ads;informational;/google-ads;0;v1;;google
expert google ads;informational;/google-ads;0;v1|base;ae|am|az|by|de|ge|il|kg|kz|md|tj|tr|ua|us|uz;google|google-v2
expert google ads maroc;informational;/google-ads;0;base;ae|am|az|by|de|ge|il|kg|kz|tj|tr|ua|us|uz;google-v2
expert google ads toulouse;informational;/google-ads;0;v1|base;ae|am|az|by|de|ge|il|kg|kz|md|tj|tr|ua|us|uz;google|google-v2
expert mode google ads;informational;/google-ads;0;v1|base;ae|am|az|by|de|ge|il|kg|kz|md|tj|tr|ua|us|uz;google|google-v2
facebook ads и google ads;informational;/google-ads;0;v1;;yandex
facebook ads и google ads анимация пример;informational;/google-ads;0;v1;;yandex
facebook ads и google ads что это;informational;/google-ads;0;v1;;yandex
google ads;informational;/google-ads;0;v1|base;ae|am|az|by|de|ge|il|kg|kz|md|tj|tr|ua|us|uz;google|yandex|google-v2
google ads 10000 грн;informational;/google-ads;0;v1;;google
google ads агентские аккаунты;informational;/google-ads;0;v1;;google
google ads агентство;informational;/google-ads;0;v1;;google
google ads аккаунт;informational;/google-ads;0;v1;;yandex
google ads аккаунты;informational;/google-ads;0;v1;;google
google ads алматы;informational;/google-ads;1;v1;;google
google ads аналитика;informational;/google-ads;0;v1;;google
google ads аналог;informational;/google-ads;0;v1;;google
google ads арбитраж;informational;/google-ads;0;v1;;google
google ads арбитраж трафика;informational;/google-ads;0;v1;;google
google ads баннеры;informational;/google-ads;0;v1;;google
google ads без ндс;informational;/google-ads;0;v1;;google
google ads безкоштовно;informational;/google-ads;0;v1;;google
google ads беларусь;informational;/google-ads;1;v1;;google
google ads библиотека;informational;/google-ads;0;v1;;google|yandex
google ads библиотека рекламы;informational;/google-ads;0;v1;;google
google ads бонус;informational;/google-ads;0;v1;;google
google ads в россии;informational;/google-ads;0;v1;;google|yandex
google ads в россии 2026;informational;/google-ads;0;v1;;google
google ads войти;informational;/google-ads;0;v1;;yandex
google ads вход;informational;/google-ads;0;v1|base;ae|am|az|by|de|ge|il|kg|kz|md|tj|tr|ua|us|uz;google|yandex|google-v2
google ads вход в личный кабинет;informational;/google-ads;0;v1;;google|yandex
google ads гайд;informational;/google-ads;0;v1;;google
google ads гаряча лінія;informational;/google-ads;0;v1;;google
google ads грант;informational;/google-ads;0;v1;;google
google ads для интернет магазина;informational;/google-ads;0;v1;;google
google ads для чего;informational;/google-ads;0;v1;;google
google ads довідка;informational;/google-ads;0;v1;;google
google ads документация;informational;/google-ads;0;v1;;google
google ads експерти;informational;/google-ads;0;v1;;google
google ads кабинет;informational;/google-ads;0;v1;;google|yandex
google ads казахстан;informational;/google-ads;1;v1;;google
google ads как работает;informational;/google-ads;0;v1;;google
google ads ключевые слова;informational;/google-ads;0;v1|base;ae|am|az|by|de|ge|il|kg|kz|md|tj|tr|ua|us|uz;google|google-v2
google ads ключови думи;informational;/google-ads;0;v1|base;ae|am|az|by|de|ge|il|kg|kz|md|tj|tr|ua|us|uz;google|google-v2
google ads ключові слова;informational;/google-ads;0;v1|base;ae|am|az|by|de|ge|il|kg|kz|md|tj|tr|ua|us|uz;google|google-v2
google ads купить;informational;/google-ads;0;v1;;google|yandex
google ads купить аккаунт;informational;/google-ads;0;v1;;google
google ads личный кабинет;informational;/google-ads;0;v1;;google
google ads логотип;informational;/google-ads;0;v1;;google
google ads мануал;informational;/google-ads;0;v1;;google
google ads менеджер;informational;/google-ads;0;v1;;google
google ads метрики;informational;/google-ads;0;v1;;google
google ads минус слова;informational;/google-ads;0;v1;;google
google ads монетизация;informational;/google-ads;0;v1;;google
google ads на русском;informational;/google-ads;0;v1;;google
google ads навчання;informational;/google-ads;0;v1;;google
google ads настройка;informational;/google-ads;0;v1;;google
google ads настройка рекламы;informational;/google-ads;0;v1;;google
google ads не показывает объявления;informational;/google-ads;0;v1;;google
google ads неподдерживаемый язык;informational;/google-ads;0;v1;;google
google ads новости;informational;/google-ads;0;v1;;google
google ads номер телефона;informational;/google-ads;0;v1;;google
google ads первобил;informational;/google-ads;0;v1;;google
google ads перейти в режим эксперта;informational;/google-ads;0;v1;;google
google ads під ключ;informational;/google-ads;0;v1|base;ae|am|az|by|de|ge|il|kg|kz|md|tj|tr|ua|us|uz;google|google-v2
google ads планировщик ключевых слов;informational;/google-ads;0;v1|base;ae|am|az|by|de|ge|il|kg|kz|md|tj|tr|ua|us|uz;google|yandex|google-v2
google ads планувальник ключових слів;informational;/google-ads;0;v1;;google
google ads подбор ключевых слов;informational;/google-ads;0;v1|base;ae|am|az|by|de|ge|il|kg|kz|md|tj|tr|ua|us|uz;google|google-v2
google ads поддержка;informational;/google-ads;0;v1;;google
google ads подтверждение личности;informational;/google-ads;0;v1;;google
google ads поисковые запросы;informational;/google-ads;0;v1;;google
google ads поменять язык;informational;/google-ads;0;v1;;google
google ads примеры;informational;/google-ads;0;v1;;google
google ads промокод;informational;/google-ads;0;v1;;google
google ads работа;informational;/google-ads;0;v1;;google
google ads работает в россии;informational;/google-ads;0;v1;;google
google ads работает ли в россии;informational;/google-ads;0;v1;;google|yandex
google ads размеры баннеров;informational;/google-ads;0;v1;;google
google ads регистрация;informational;/google-ads;0;v1;;google
google ads режим эксперта;informational;/google-ads;0;v1;;google
google ads реклама;informational;/google-ads;0;v1;;yandex|google
google ads рекламный кабинет;informational;/google-ads;0;v1;;google
google ads россия;informational;/google-ads;0;v1;;google
google ads русский;informational;/google-ads;0;v1;;google
google ads сайт;informational;/google-ads;0;v1;;google
google ads сертификат;informational;/google-ads;0;v1;;google
google ads сертификация;informational;/google-ads;0;v1;;google
google ads снимает деньги с карты;informational;/google-ads;0;v1;;google
google ads специалист;informational;/google-ads;0;v1;;google
google ads списали деньги с карты;informational;/google-ads;0;v1;;google
google ads справка;informational;/google-ads;0;v1;;google
google ads телефон;informational;/google-ads;0;v1;;google
google ads тестовый аккаунт;informational;/google-ads;0;v1;;google
google ads типы соответствия;informational;/google-ads;0;v1;;google
google ads трафик;informational;/google-ads;0;v1;;google
google ads требования к видео;informational;/google-ads;0;v1;;google
google ads туториал;informational;/google-ads;0;v1;;google
google ads узбекистан;informational;/google-ads;1;v1;;google
google ads украина;informational;/google-ads;1;v1;;google
google ads уроки;informational;/google-ads;0;v1;;google
google ads фарм;informational;/google-ads;0;v1;;google
google ads фармер;informational;/google-ads;0;v1;;google
google ads форматы;informational;/google-ads;0;v1;;google
google ads форум;informational;/google-ads;0;v1;;google
google ads це;informational;/google-ads;0;v1;;google
google ads ціна;informational;/google-ads;0;v1;;google
google ads что это;informational;/google-ads;0;v1|base;kg;google|yandex|google-v2
google ads что это такое;informational;/google-ads;0;v1;;yandex
google ads эксперт;informational;/google-ads;0;v1;;google
google ads это;informational;/google-ads;0;v1;;google|yandex
google ads это контекстная реклама;informational;/google-ads;0;v1;;google
google ads як користуватися;informational;/google-ads;0;v1;;google
google ads як налаштувати;informational;/google-ads;0;v1;;google
google ads як працює;informational;/google-ads;0;v1;;google
google ads як працює реклама;informational;/google-ads;0;v1;;google
google ads account;informational;/google-ads;0;v1;;yandex
google ads api;informational;/google-ads;0;v1;;yandex
google ads api это;informational;/google-ads;0;v1;;google
google ads api offline conversions;informational;/google-ads;0;v1;;google
google ads b exchange;informational;/google-ads;0;v1;;google
google ads business;informational;/google-ads;0;v1;;yandex
google ads c;informational;/google-ads;0;v1;;google
google ads c est quoi;informational;/google-ads;0;v1;;google
google ads certification;informational;/google-ads;0;v1;;yandex
google ads com;informational;/google-ads;0;v1;;yandex
google ads course;informational;/google-ads;0;v1;;yandex
google ads d;informational;/google-ads;0;v1;;google
google ads e;informational;/google-ads;0;v1;;google
google ads e adsense;informational;/google-ads;0;v1;;google
google ads e analytics;informational;/google-ads;0;v1;;google
google ads e book;informational;/google-ads;0;v1;;google
google ads e commerce;informational;/google-ads;0;v1;;google
google ads e gratuito;informational;/google-ads;0;v1;;google
google ads e meta;informational;/google-ads;0;v1;;google
google ads e pago;informational;/google-ads;0;v1;;google
google ads e seo;informational;/google-ads;0;v1;;google
google ads editor;informational;/google-ads;0;v1;;google|yandex
google ads editor войти;informational;/google-ads;0;v1;;yandex
google ads editor це;informational;/google-ads;0;v1;;google
google ads editor что это;informational;/google-ads;0;v1;;google
google ads editor это;informational;/google-ads;0;v1;;google
google ads europe;informational;/google-ads;0;v1;;google
google ads f;informational;/google-ads;0;v1;;google
google ads giriş;informational;/google-ads;0;v1;;yandex
google ads keyword planner;informational;/google-ads;0;v1;;yandex
google ads keywords planner;informational;/google-ads;0;v1;;yandex
google ads l;informational;/google-ads;0;v1;;google
google ads library;informational;/google-ads;0;v1;;yandex
google ads login;informational;/google-ads;0;v1;;google|yandex
google ads logo;informational;/google-ads;0;v1;;google|yandex
google ads manager;informational;/google-ads;0;v1|base;ae|am|az|by|de|ge|il|kz|md|tj|tr|ua|us|uz;google|google-v2
google ads my client center;informational;/google-ads;0;v1;;yandex
google ads promocode;informational;/google-ads;0;v1;;yandex
google ads settings;informational;/google-ads;0;v1|base;ae|am|az|by|de|ge|il|kz|md|tj|tr|ua|us|uz;google|google-v2
google ads specialist;informational;/google-ads;0;v1;;google
google ads specialist course;informational;/google-ads;0;v1;;google
google ads specialist freelance;informational;/google-ads;0;v1;;google
google ads specialist jobs;informational;/google-ads;0;v1;;google
google ads specialist jobs remote;informational;/google-ads;0;v1;;google
google ads specialist remote;informational;/google-ads;0;v1;;google
google ads specialist salary;informational;/google-ads;0;v1;;google
google ads specialist upwork;informational;/google-ads;0;v1;;google
google ads transparency;informational;/google-ads;0;v1;;yandex
google ads transparency center;informational;/google-ads;0;v1;;google|yandex
google ads uac это;informational;/google-ads;0;v1;;google
google ads x ai;informational;/google-ads;0;v1;;google
google ads x claude;informational;/google-ads;0;v1;;google
google ads x shopee;informational;/google-ads;0;v1;;google
google ads-x;informational;/google-ads;0;v1;;google
google adsense;informational;/google-ads;0;v1|base;ae|am|az|by|de|ge|il|kg|kz|md|tj|tr|ua|us|uz;google|yandex|google-v2
google adsense в россии 2023;informational;/google-ads;0;v1;;yandex
google adsense вход;informational;/google-ads;0;v1|base;ae|am|az|by|de|ge|il|kg|kz|md|tj|tr|ua|us|uz;google|yandex|google-v2
google adsense кыргызстан;informational;/google-ads;1;base;kg;google-v2
google adsense монетизация;informational;/google-ads;0;base;ae|am|az|by|de|ge|il|kz|md|tj|tr|ua|us|uz;google-v2
google adsense регистрация;informational;/google-ads;0;v1|base;ae|am|az|by|de|ge|il|kg|kz|md|tj|tr|ua|us|uz;google|google-v2
google adsense что это;informational;/google-ads;0;base;kg;google-v2
google adsense login;informational;/google-ads;0;v1|base;ae|am|az|by|de|ge|il|kz|md|tj|tr|ua|us|uz;google|google-v2
google adsense.com;informational;/google-ads;0;v1;;yandex
google performance max;informational;/google-ads;0;v1;;yandex
google shopping;informational;/google-ads;0;v1|base;ae|am|az|by|de|ge|il|kg|kz|md|tj|tr|ua|us|uz;google|yandex|google-v2
google shopping настройка;informational;/google-ads;0;v1|base;ae|am|az|by|de|ge|il|kg|kz|md|tj|tr|ua|us|uz;google|google-v2
google shopping что это;informational;/google-ads;0;v1|base;ae|am|az|by|de|ge|il|kg|kz|md|tj|tr|ua|us|uz;google|yandex|google-v2
google shopping ads;informational;/google-ads;0;v1;;google
google shopping ai;informational;/google-ads;0;v1|base;ae|am|az|by|de|ge|il|kg|kz|md|tj|tr|ua|us|uz;google|google-v2
google shopping api;informational;/google-ads;0;v1|base;ae|am|az|by|de|ge|il|kg|kz|md|tj|tr|ua|us|uz;google|google-v2
google shopping app;informational;/google-ads;0;v1|base;ae|am|az|by|de|ge|il|kg|kz|md|tj|tr|ua|us|uz;google|google-v2
google shopping canada;informational;/google-ads;0;v1;;google
google shopping list;informational;/google-ads;0;v1;;google
google shopping logo;informational;/google-ads;0;v1|base;ae|am|az|by|de|ge|il|kg|kz|md|tj|tr|ua|us|uz;google|google-v2
google shopping try-on;informational;/google-ads;0;v1|base;ae|am|az|by|de|ge|il|kg|kz|md|tj|tr|ua|us|uz;google|google-v2
google shopping uk;informational;/google-ads;0;v1;;google
google shopping usa;informational;/google-ads;0;v1|base;ae|am|az|by|de|ge|il|kg|kz|md|tj|tr|ua|us|uz;google|google-v2
google shopping virtual try-on;informational;/google-ads;0;v1|base;ae|am|az|by|de|ge|il|kg|kz|md|tj|tr|ua|us|uz;google|google-v2
intel performance maximizer;informational;/google-ads;0;v1;;yandex
mcc google ads что это;informational;/google-ads;0;v1;;google
offline conversions google ads;informational;/google-ads;0;v1;;google
performance max;informational;/google-ads;0;v1|base;ae|am|az|by|de|ge|il|kg|kz|md|tj|tr|ua|us|uz;google|yandex|google-v2
performance max це;informational;/google-ads;0;v1|base;ae|am|az|by|de|ge|il|kg|kz|md|tj|tr|ua|us|uz;google|google-v2
performance max это;informational;/google-ads;0;v1|base;ae|am|az|by|de|ge|il|kg|kz|md|tj|tr|ua|us|uz;google|yandex|google-v2
performance max google;informational;/google-ads;0;v1|base;ae|am|az|by|de|ge|il|kg|kz|md|tj|tr|ua|us|uz;google|google-v2
performance max google ads;informational;/google-ads;0;v1|base;ae|am|az|by|de|ge|il|kg|kz|md|tj|tr|ua|us|uz;google|google-v2
performance max google ads что это;informational;/google-ads;0;v1|base;ae|am|az|by|de|ge|il|kg|kz|md|tj|tr|ua|us|uz;google|google-v2
performance max marketing;informational;/google-ads;0;v1;;google
performance max meaning;informational;/google-ads;0;base;ae|am|az|by|de|ge|il|kg|kz|md|tj|tr|ua|us|uz;google-v2
performance maximizer;informational;/google-ads;0;v1;;google
performance maximizer download;informational;/google-ads;0;base;ae|am|az|by|de|ge|il|kg|kz|md|tj|tr|ua|us|uz;google-v2
pmax google ads что это;informational;/google-ads;0;v1;;google
pmax google ads это;informational;/google-ads;0;v1;;google
price tracker google shopping;informational;/google-ads;0;v1;;google
professional google ads;informational;/google-ads;0;v1|base;ae|am|az|by|de|ge|il|kg|kz|md|tj|tr|ua|us|uz;google|google-v2
professional google ads certifications;informational;/google-ads;0;v1|base;ae|am|az|by|de|ge|il|kg|kz|md|tj|tr|ua|us|uz;google|google-v2
report google ads;informational;/google-ads;0;v1|base;ae|am|az|by|de|ge|il|kg|kz|md|tj|tr|ua|us|uz;google|google-v2
review google ads;informational;/google-ads;0;v1|base;ae|am|az|by|de|ge|il|kg|kz|md|tj|tr|ua|us|uz;google|google-v2
specialist google ads;informational;/google-ads;0;v1|base;ae|am|az|by|de|ge|il|kg|kz|md|tj|tr|ua|us|uz;google|google-v2
utm метки google ads генератор;informational;/google-ads;0;v1;;google
лидогенерация это;informational;/marketing-glossary;0;v1|base;ae|am|az|by|de|ge|il|kg|kz|md|tj|tr|ua|us|uz;google|google-v2
лидогенерация это простыми словами;informational;/marketing-glossary;0;v1|base;ae|am|az|by|de|ge|il|kg|kz|md|tj|tr|ua|us|uz;yandex|google-v2
cac 40;informational;/marketing-glossary;0;v1;;google
cac это;informational;/marketing-glossary;0;v1;;google
cpa партнерки;informational;/marketing-glossary;0;v1;;yandex
cpa сертификат;informational;/marketing-glossary;0;v1|base;ae|am|az|by|de|ge|il|kg|kz|tj|tr|ua|us|uz;google|google-v2
cpa сети;informational;/marketing-glossary;0;v1;;google|yandex
cpa это;informational;/marketing-glossary;0;v1|base;ae|am|az|by|de|ge|il|kg|kz|tj|tr|ua|us|uz;google|google-v2
cpa certificate;informational;/marketing-glossary;0;base;ae|am|az|by|de|ge|il|kg|kz|tj|tr|ua|us|uz;google-v2
cpl 01.01.12;informational;/marketing-glossary;0;base;md;google-v2
cpl 01.02.12;informational;/marketing-glossary;0;base;md;google-v2
cpl в маркетинге;informational;/marketing-glossary;0;v1;;yandex
cpl в маркетинге это;informational;/marketing-glossary;0;base;am|ge|il;google-v2
cpl маркетинг;informational;/marketing-glossary;0;base;am|ge|il|md;google-v2
cpl метрика;informational;/marketing-glossary;0;base;ae|az|by|de|kg|kz|tj|tr|ua|us|uz;google-v2
cpl фильтр;informational;/marketing-glossary;0;v1|base;ae|am|az|by|de|ge|il|kg|kz|md|tj|tr|ua|us|uz;google|yandex|google-v2
cpl фильтр что это;informational;/marketing-glossary;0;v1;;yandex
cpl фильтр это;informational;/marketing-glossary;0;v1|base;ae|am|az|by|de|ge|il|kg|kz|md|tj|tr|ua|us|uz;google|google-v2
cpl что это такое в рекламе;informational;/marketing-glossary;0;v1;;yandex
cpl это;informational;/marketing-glossary;0;v1|base;ae|am|az|by|de|ge|il|kg|kz|md|tj|tr|ua|us|uz;google|google-v2
cpl aromas;informational;/marketing-glossary;0;v1|base;ae|az|by|de|kg|kz|tj|tr|ua|us|uz;google|yandex|google-v2
cpl civilization 6;informational;/marketing-glossary;0;v1;;yandex
cpl filter;informational;/marketing-glossary;0;v1|base;ae|am|az|by|de|ge|il|kg|kz|md|tj|tr|ua|us|uz;google|yandex|google-v2
cpl license;informational;/marketing-glossary;0;base;ae|az|by|de|kg|kz|tj|tr|ua|us|uz;google-v2
ltv в маркетинге;informational;/marketing-glossary;0;v1;;yandex
ltv клиента;informational;/marketing-glossary;0;v1;;google
ltv это;informational;/marketing-glossary;0;v1;;google|yandex
ltv nima;informational;/marketing-glossary;0;v1;;google
ltv programma;informational;/marketing-glossary;0;v1;;google
анастасия жук таргетолог;informational;/meta-ads;0;v1;;google|yandex
баннерная реклама в инстаграме;informational;/meta-ads;0;v1;;yandex
бюджет на таргетированную рекламу;informational;/meta-ads;0;v1|base;ae|am|az|by|de|ge|il|kg|kz|md|tj|tr|ua|us|uz;google|google-v2
вакансия таргетолог без опыта удаленно;informational;/meta-ads;0;v1;;yandex
видео реклама в фейсбук;informational;/meta-ads;0;v1;;google
востребован ли таргетолог;informational;/meta-ads;0;v1;;google
гео таргетированная реклама;informational;/meta-ads;0;v1;;google
должен ли таргетолог делать креативы;informational;/meta-ads;0;v1;;google
екатерина лобан таргетолог;informational;/meta-ads;0;v1;;google
есть ли реклама в инстаграм;informational;/meta-ads;0;v1;;google
есть ли сейчас реклама в инстаграм;informational;/meta-ads;0;v1;;google
запрещена ли реклама в инстаграм;informational;/meta-ads;0;v1;;yandex|google
запрещена ли реклама в инстаграме;informational;/meta-ads;0;v1;;yandex
запрещена любая реклама в инстаграм;informational;/meta-ads;0;v1;;google
запуск рекламы в инстаграм;informational;/meta-ads;0;v1|base;ae|am|az|by|de|ge|il|kg|kz|md|tj|tr|ua|us|uz;google|yandex|google-v2
запуск рекламы в инстаграм 2025;informational;/meta-ads;0;v1|base;ae|am|az|by|de|ge|il|kg|kz|md|tj|tr|ua|us|uz;google|google-v2
запуск рекламы в инстаграм без фейсбука;informational;/meta-ads;0;v1|base;ae|am|az|by|de|ge|il|kg|kz|md|tj|tr|ua|us|uz;google|google-v2
запуск рекламы в инстаграм через фейсбук;informational;/meta-ads;0;v1|base;ae|am|az|by|de|ge|il|kg|kz|md|tj|tr|ua|us|uz;google|google-v2
запуск рекламы в инстаграме;informational;/meta-ads;0;v1|base;by|kg;google|google-v2
запуск таргетированной рекламы в инстаграм;informational;/meta-ads;0;v1|base;ae|am|az|by|de|ge|il|kg|kz|md|tj|tr|ua|us|uz;google|google-v2
какая реклама в инстаграм самая эффективная;informational;/meta-ads;0;v1;;google
книга сергей щербаков таргетированная реклама;informational;/meta-ads;0;v1;;yandex
книги про продвижение в инстаграм;informational;/meta-ads;0;niche;us;google-v2
маркетолог таргетолог это;informational;/meta-ads;0;v1;;yandex
может ли таргетолог быть самозанятым;informational;/meta-ads;0;v1;;google
можно ли купить продвижение в инстаграм;informational;/meta-ads;0;v1;;google
насколько эффективна реклама в инстаграм;informational;/meta-ads;0;v1;;google
настройка пикселя;informational;/meta-ads;0;v1|base;ae|am|az|by|de|ge|il|kg|kz|md|tj|tr|ua|us|uz;google|yandex|google-v2
настройка пикселя вк;informational;/meta-ads;0;v1|base;ae|am|az|by|de|ge|il|kg|kz|md|tj|tr|ua|us|uz;google|google-v2
настройка пикселя фб;informational;/meta-ads;0;v1|base;ae|am|az|by|de|ge|il|kg|kz|md|tj|tr|ua|us|uz;google|google-v2
настройка рекламы в инстаграм;informational;/meta-ads;0;v1;;yandex
настройка рекламы в инстаграм 2025;informational;/meta-ads;0;v1;;google
настройка рекламы в инстаграм 2026;informational;/meta-ads;0;v1;;google
настройка рекламы в инстаграм для мебели;informational;/meta-ads;0;v1;;yandex
настройка рекламы в инстаграм через фейсбук;informational;/meta-ads;0;v1;;yandex
настройка рекламы в фейсбук;informational;/meta-ads;0;v1;;google
настройка рекламы в фейсбук и инстаграм;informational;/meta-ads;0;v1;;google
настройка рекламы инстаграм;informational;/meta-ads;0;v1;;google|yandex
настройка рекламы инстаграм через фейсбук;informational;/meta-ads;0;v1;;google
настройка рекламы мета;informational;/meta-ads;0;v1;;google
настройка рекламы на фейсбук;informational;/meta-ads;0;v1;;google
настройка рекламы таргет;informational;/meta-ads;0;v1;;google
настройка рекламы фейсбук;informational;/meta-ads;0;v1;;google
настройка рекламы фейсбук инстаграм;informational;/meta-ads;0;v1;;google
настройка рекламы через фейсбук;informational;/meta-ads;0;v1;;google
настройка рекламы через facebook;informational;/meta-ads;0;v1;;yandex
настройка событий пикселя facebook;informational;/meta-ads;0;v1|base;ae|am|az|by|de|ge|il|kg|kz|md|tj|tr|ua|us|uz;google|google-v2
настройка таргет рекламы фейсбук;informational;/meta-ads;0;v1;;google
настройка таргета;informational;/meta-ads;0;v1|base;ae|am|az|by|de|ge|il|kg|kz|md|tj|tr|ua|us|uz;google|yandex|google-v2
настройка таргета в вк;informational;/meta-ads;0;v1|base;ae|am|az|by|de|ge|il|kg|kz|md|tj|tr|ua|us|uz;google|yandex|google-v2
настройка таргета в вк 2026;informational;/meta-ads;0;v1;;google
настройка таргета в инстаграм;informational;/meta-ads;0;v1|base;ae|am|az|by|de|ge|il|kg|kz|md|tj|tr|ua|us|uz;google|yandex|google-v2
настройка таргета в инстаграм через фейсбук;informational;/meta-ads;0;v1|base;ae|am|az|by|de|ge|il|kg|kz|md|tj|tr|ua|us|uz;google|yandex|google-v2
настройка таргета вк;informational;/meta-ads;0;v1;;yandex
настройка таргета через фейсбук;informational;/meta-ads;0;v1|base;ae|am|az|by|de|ge|il|kg|kz|md|tj|tr|ua|us|uz;google|google-v2
настройка таргета это;informational;/meta-ads;0;v1|base;ae|am|az|by|de|ge|il|kg|kz|md|tj|tr|ua|us|uz;google|yandex|google-v2
настройка таргетинговой рекламы на личную страницу;informational;/meta-ads;0;v1;;google
настройка таргетированной рекламы;informational;/meta-ads;0;v1;;google|yandex
настройка таргетированной рекламы в вк;informational;/meta-ads;0;v1;;yandex
настройка таргетированной рекламы в инстаграм;informational;/meta-ads;0;v1;;google
настройка таргетированной рекламы в инстаграм через фейсбук;informational;/meta-ads;0;v1;;google
настройка таргетированной рекламы в фейсбук;informational;/meta-ads;0;v1;;google
настройка таргетированной рекламы вк;informational;/meta-ads;0;v1;;google
настройка таргетированной рекламы минск;informational;/meta-ads;1;v1;;google
настройка таргетированной рекламы это;informational;/meta-ads;0;v1;;google
нативная реклама в инстаграм;informational;/meta-ads;0;v1;;yandex
не идет реклама в инстаграм;informational;/meta-ads;0;v1;;google
не могу оплатить продвижение в инстаграм;informational;/meta-ads;0;v1;;google
нужен таргетолог инстаграм;informational;/meta-ads;0;v1;;google
онлайн школа богатый таргетолог;informational;/meta-ads;0;v1;;yandex
органическое продвижение в инстаграм;informational;/meta-ads;0;v1;;google
пиксель фейсбук;informational;/meta-ads;0;v1;;google|yandex
пиксель фейсбук это;informational;/meta-ads;0;v1;;google
платное продвижение в инстаграм;informational;/meta-ads;0;v1;;google|yandex
помогает ли реклама в инстаграм;informational;/meta-ads;0;v1;;google
привлечение клиентов в инстаграм;informational;/meta-ads;0;v1;;google
продвижение в инстаграм;informational;/meta-ads;0;v1;;google|yandex
продвижение в инстаграм 2025;informational;/meta-ads;0;v1;;google
продвижение в инстаграм 2026;informational;/meta-ads;0;v1;;google|yandex
продвижение в инстаграм купить;informational;/meta-ads;0;v1;;google
продвижение в инстаграм минск;informational;/meta-ads;1;v1;;google
продвижение в инстаграме;informational;/meta-ads;0;v1;;yandex
продвижение в инстаграмме;informational;/meta-ads;0;v1;;yandex
продвижение в instagram;informational;/meta-ads;0;v1;;yandex
продвижение в instagram 2026;informational;/meta-ads;0;v1;;yandex
продвижение рекламы в инстаграм;informational;/meta-ads;0;v1;;google
продвижение рекламы в инстаграме;informational;/meta-ads;0;v1;;yandex
работает ли реклама в инстаграм;informational;/meta-ads;0;v1;;google
разрешена ли реклама в инстаграм;informational;/meta-ads;0;v1;;google|yandex
разрешена ли реклама в инстаграм в беларуси;informational;/meta-ads;1;v1;;google
разрешена ли реклама в инстаграме;informational;/meta-ads;0;v1;;yandex
реклама в инстаграм;informational;/meta-ads;0;v1|base;ae|am|az|by|de|ge|il|kg|kz|md|tj|tr|ua|us|uz;google|yandex|google-v2
реклама в инстаграм 2025;informational;/meta-ads;0;v1|base;ae|am|az|by|de|ge|il|kg|kz|md|tj|tr|ua|us;google|google-v2
реклама в инстаграм 2026;informational;/meta-ads;0;v1|base;ae|am|az|by|de|ge|il|kg|kz|md|tj|tr|ua|us|uz;google|yandex|google-v2
реклама в инстаграм алматы;informational;/meta-ads;1;v1;;google
реклама в инстаграм без аккаунта;informational;/meta-ads;0;v1;;google
реклама в инстаграм без налога;informational;/meta-ads;0;v1;;google
реклама в инстаграм без фейсбука;informational;/meta-ads;0;v1;;google
реклама в инстаграм беларусь;informational;/meta-ads;1;v1;;google|yandex
реклама в инстаграм беларусь закон;informational;/meta-ads;1;v1;;google
реклама в инстаграм биржа;informational;/meta-ads;0;v1;;google
реклама в инстаграм бишкек;informational;/meta-ads;1;v1;;google
реклама в инстаграм блогеры;informational;/meta-ads;0;v1;;google
реклама в инстаграм будет запрещена;informational;/meta-ads;0;v1;;google
реклама в инстаграм в 2026;informational;/meta-ads;0;v1;;yandex|google
реклама в инстаграм в 2026 году;informational;/meta-ads;0;v1;;yandex
реклама в инстаграм в беларуси;informational;/meta-ads;1;v1;;google
реклама в инстаграм в германии;informational;/meta-ads;1;v1;;google
реклама в инстаграм в казахстане;informational;/meta-ads;1;v1;;yandex|google
реклама в инстаграм в россии;informational;/meta-ads;0;v1|base;ae|am|az|by|de|ge|il|kg|kz|md|tj|tr|ua|us|uz;google|yandex|google-v2
реклама в инстаграм в россии 2025;informational;/meta-ads;0;v1;;google
реклама в инстаграм в рф;informational;/meta-ads;0;v1;;google
реклама в инстаграм для блогеров;informational;/meta-ads;0;v1;;yandex
реклама в инстаграм для россии;informational;/meta-ads;0;v1;;google
реклама в инстаграм для россиян;informational;/meta-ads;0;v1;;google
реклама в инстаграм для фотографа;informational;/meta-ads;0;v1;;google
реклама в инстаграм до 1 сентября;informational;/meta-ads;0;v1;;google
реклама в инстаграм долго на рассмотрении;informational;/meta-ads;0;v1;;google
реклама в инстаграм закон;informational;/meta-ads;0;v1;;google|yandex
реклама в инстаграм закон рф;informational;/meta-ads;0;v1;;google
реклама в инстаграм запрещена;informational;/meta-ads;0;v1|base;ae|am|az|by|de|ge|il|kg|kz|md|tj|tr|ua|us|uz;google|yandex|google-v2
реклама в инстаграм запрещена в россии;informational;/meta-ads;0;v1;;yandex|google
реклама в инстаграм запрещена в россии или;informational;/meta-ads;0;v1;;yandex
реклама в инстаграм запрещена в россии или нет;informational;/meta-ads;0;v1;;yandex
реклама в инстаграм запрещена или нет;informational;/meta-ads;0;v1;;yandex
реклама в инстаграм запрещена с 1 сентября;informational;/meta-ads;0;v1;;google|yandex
реклама в инстаграм и фейсбук;informational;/meta-ads;0;v1;;google
реклама в инстаграм из россии;informational;/meta-ads;0;v1;;google
реклама в инстаграм казахстан;informational;/meta-ads;1;v1;;google
реклама в инстаграм как выглядит;informational;/meta-ads;0;v1;;google
реклама в инстаграм как делать;informational;/meta-ads;0;v1;;google
реклама в инстаграм как работает;informational;/meta-ads;0;v1;;google
реклама в инстаграм куда жаловаться;informational;/meta-ads;0;v1;;google
реклама в инстаграм купить;informational;/meta-ads;0;v1;;google|yandex
реклама в инстаграм минск;informational;/meta-ads;1;v1;;google
реклама в инстаграм можно ли;informational;/meta-ads;0;v1;;google
реклама в инстаграм налоги;informational;/meta-ads;0;v1;;google
реклама в инстаграм налоги рб;informational;/meta-ads;0;v1;;google
реклама в инстаграм настройка;informational;/meta-ads;0;v1;;google
реклама в инстаграм не запускается;informational;/meta-ads;0;v1;;google
реклама в инстаграм не показывается;informational;/meta-ads;0;v1;;google
реклама в инстаграм не приносит результатов;informational;/meta-ads;0;v1;;google
реклама в инстаграм не пролистывается;informational;/meta-ads;0;v1;;google
реклама в инстаграм новости;informational;/meta-ads;0;v1;;google
реклама в инстаграм новый закон;informational;/meta-ads;0;v1;;google
реклама в инстаграм ответственность;informational;/meta-ads;0;v1;;yandex
реклама в инстаграм подорожала;informational;/meta-ads;0;v1;;yandex
реклама в инстаграм после 1 сентября;informational;/meta-ads;0;v1;;google
реклама в инстаграм правила;informational;/meta-ads;0;v1;;google
реклама в инстаграм пример;informational;/meta-ads;0;v1;;google
реклама в инстаграм рб;informational;/meta-ads;0;v1|base;ae|am|az|by|de|ge|il|kg|kz|md|tj|tr|ua|us|uz;google|google-v2
реклама в инстаграм рб закон;informational;/meta-ads;0;v1|base;ae|am|az|de|ge|il|kg|kz|md|tj|ua|uz;google|google-v2
реклама в инстаграм рб с 1 сентября;informational;/meta-ads;0;v1;;google
реклама в инстаграм россия;informational;/meta-ads;0;v1;;google
реклама в инстаграм рф;informational;/meta-ads;0;v1;;google
реклама в инстаграм с 1 марта;informational;/meta-ads;0;v1;;google
реклама в инстаграм с 1 марта 2025;informational;/meta-ads;0;v1;;google
реклама в инстаграм с 1 сентября;informational;/meta-ads;0;v1;;yandex
реклама в инстаграм с 1 сентября 2025;informational;/meta-ads;0;v1|base;ae|am|az|by|de|ge|il|kg|kz|md|tj|tr|ua|us;google|yandex|google-v2
реклама в инстаграм с 1 сентября 2025 закон;informational;/meta-ads;0;v1;;yandex
реклама в инстаграм с 1 сентября фас;informational;/meta-ads;0;v1;;google
реклама в инстаграм сейчас;informational;/meta-ads;0;v1;;google
реклама в инстаграм статус не показывается;informational;/meta-ads;0;v1;;google
реклама в инстаграм статья;informational;/meta-ads;0;v1;;google
реклама в инстаграм сторис;informational;/meta-ads;0;v1;;google
реклама в инстаграм сторис пример;informational;/meta-ads;0;v1;;google
реклама в инстаграм таргет;informational;/meta-ads;0;v1;;google
реклама в инстаграм ташкент;informational;/meta-ads;1;v1;;yandex
реклама в инстаграм у блогеров;informational;/meta-ads;0;v1;;google
реклама в инстаграм украина;informational;/meta-ads;1;v1;;google
реклама в инстаграм фас;informational;/meta-ads;0;v1;;google
реклама в инстаграм фейсбук;informational;/meta-ads;0;v1;;google
реклама в инстаграм формат;informational;/meta-ads;0;v1;;google
реклама в инстаграм форум;informational;/meta-ads;0;v1;;google
реклама в инстаграм через кнопку продвигать;informational;/meta-ads;0;v1;;google
реклама в инстаграм через ads manager;informational;/meta-ads;0;v1;;google
реклама в инстаграм что запрещено;informational;/meta-ads;0;v1;;google
реклама в инстаграм что можно;informational;/meta-ads;0;v1;;google|yandex
реклама в инстаграм что можно что нельзя;informational;/meta-ads;0;v1;;google
реклама в инстаграм что нельзя;informational;/meta-ads;0;v1|base;ae|am|az|de|ge|il|kg|kz|md|tj|ua|uz;google|yandex|google-v2
реклама в инстаграм что считается;informational;/meta-ads;0;v1;;google
реклама в инстаграм шаблон;informational;/meta-ads;0;v1;;yandex
реклама в инстаграм это;informational;/meta-ads;0;v1;;google
реклама в инстаграм. как называется;informational;/meta-ads;0;v1;;google
реклама в инстаграме;informational;/meta-ads;0;v1|base;by|tr|us|uz;yandex|google|google-v2
реклама в инстаграме 2025;informational;/meta-ads;0;v1;;google
реклама в инстаграме беларусь;informational;/meta-ads;1;v1;;google
реклама в инстаграме закон;informational;/meta-ads;0;v1;;google|yandex
реклама в инстаграме запрещена;informational;/meta-ads;0;v1|base;by|tr|us;google|yandex|google-v2
реклама в инстаграме с 1 сентября;informational;/meta-ads;0;v1|base;uz;google|yandex|google-v2
реклама в инстаграме через фейсбук;informational;/meta-ads;0;v1;;google
реклама в инстаграмм;informational;/meta-ads;0;v1;;yandex
реклама в инстаграмме;informational;/meta-ads;0;v1;;yandex
реклама в инстаграмме запрещена на территории россии;informational;/meta-ads;0;v1;;yandex
реклама в мета;informational;/meta-ads;0;v1;;google|yandex
реклама в фейсбук;informational;/meta-ads;0;v1;;yandex
реклама в фейсбук и инстаграм;informational;/meta-ads;0;v1|base;ae|am|az|by|de|ge|il|kg|kz|md|tj|tr|ua|us|uz;google|google-v2
реклама в фейсбук ціна;informational;/meta-ads;0;v1;;google
реклама в фейсбуке;informational;/meta-ads;0;v1;;yandex
реклама в фейсбуке запрещена;informational;/meta-ads;0;v1|base;ae|am|az|by|de|ge|il|kg|kz|md|tj|tr|ua|us|uz;google|google-v2
реклама в фейсбуке как работает;informational;/meta-ads;0;v1|base;ae|am|az|by|de|ge|il|kg|kz|md|tj|tr|ua|us|uz;google|google-v2
реклама в фейсбуке примеры;informational;/meta-ads;0;v1|base;ae|am|az|by|de|ge|il|kg|kz|md|tj|tr|ua|us|uz;google|google-v2
реклама в фейсбуке с 1 сентября;informational;/meta-ads;0;v1|base;ae|am|az|by|de|ge|il|kg|kz|md|tj|tr|ua|us|uz;google|google-v2
реклама в фейсбуке украина;informational;/meta-ads;1;v1|base;ae|am|az|by|de|ge|il|kg|kz|md|tj|tr|ua|us|uz;google|google-v2
реклама в facebook;informational;/meta-ads;0;v1;;yandex
реклама в facebook и instagram;informational;/meta-ads;0;v1|base;ae|am|az|by|de|ge|il|kg|kz|md|tj|tr|ua|us|uz;google|google-v2
реклама в instagram;informational;/meta-ads;0;v1|base;ae|am|az|by|de|ge|il|kg|kz|md|tj|tr|ua|us|uz;google|yandex|google-v2
реклама в instagram в россии;informational;/meta-ads;0;v1;;google
реклама в instagram запрещена;informational;/meta-ads;0;v1|base;ae|am|az|by|de|ge|il|kg|kz|md|tj|tr|ua|us|uz;google|google-v2
реклама в instagram с 1 сентября;informational;/meta-ads;0;v1|base;ae|am|az|by|de|ge|il|kg|kz|md|tj|tr|ua|us|uz;google|google-v2
реклама в instagram через facebook;informational;/meta-ads;0;v1|base;ae|am|az|by|de|ge|il|kg|kz|md|tj|tr|ua|us|uz;google|google-v2
реклама в meta ads;informational;/meta-ads;0;v1;;google
реклама для блогеров в инстаграм;informational;/meta-ads;0;v1;;google
реклама для инстаграм;informational;/meta-ads;0;v1;;google|yandex
реклама для инстаграма;informational;/meta-ads;0;v1|base;ae|am|az|by|de|ge|il|kg|kz|md|tj|tr|ua|us|uz;google|google-v2
реклама для таргета;informational;/meta-ads;0;v1;;google
реклама для фейсбук;informational;/meta-ads;0;v1;;google
реклама на металле;informational;/meta-ads;0;v1;;yandex
реклама на фейсбук;informational;/meta-ads;0;v1;;yandex|google
реклама на фейсбук бухгалтерський облік;informational;/meta-ads;0;v1;;google
реклама на фейсбук страница;informational;/meta-ads;0;v1;;google
реклама таргетированная это;informational;/meta-ads;0;v1;;yandex
реклама через фейсбук таргетированная в инстаграм;informational;/meta-ads;0;v1;;yandex
с чего начать продвижение в инстаграм;informational;/meta-ads;0;v1;;google
самая дорогая реклама в инстаграм;informational;/meta-ads;0;v1;;google
самый лучший таргетолог;informational;/meta-ads;0;v1;;google
сбер таргет для бизнеса;informational;/meta-ads;0;v1;;yandex
скільки коштує реклама в фейсбук;informational;/meta-ads;0;v1;;google
скільки коштує реклама в facebook;informational;/meta-ads;0;v1;;google
сколько сейчас стоит реклама в инстаграм;informational;/meta-ads;0;v1;;yandex
смм и таргетолог;informational;/meta-ads;0;v1;;google
смм таргетолог алматы;informational;/meta-ads;1;v1;;google
стратегия продвижения в инстаграм;informational;/meta-ads;0;v1;;yandex
т банк реклама таргетированная;informational;/meta-ads;0;v1;;yandex
таргет для агентства недвижимости;informational;/meta-ads;0;v1;;google
таргет для бизнеса;informational;/meta-ads;0;v1|base;ae|am|az|by|de|ge|il|kg|kz|md|tj|tr|ua|us|uz;google|google-v2
таргет для бренда одежды;informational;/meta-ads;0;v1;;google
таргет для бьюти;informational;/meta-ads;0;v1;;google
таргет для бьюти мастера;informational;/meta-ads;0;v1|base|niche;ae|am|az|by|de|ge|il|kg|kz|md|tj|tr|ua|us|uz;google|google-v2
таргет для вк;informational;/meta-ads;0;v1;;yandex|google
таргет для детейлинга;informational;/meta-ads;0;v1|niche;kz|us|uz;google|google-v2
таргет для дитячого одягу;informational;/meta-ads;0;v1;;google
таргет для дрессировки;informational;/meta-ads;0;v1;;yandex|google
таргет для дрессировки собак;informational;/meta-ads;0;v1|base;ae|am|az|by|de|ge|il|kg|kz|md|tj|tr|ua|us|uz;google|yandex|google-v2
таргет для дрессировки собак купить;informational;/meta-ads;0;v1|base;ae|am|az|by|de|ge|il|kg|kz|md|tj|tr|ua|us|uz;google|yandex|google-v2
таргет для животных;informational;/meta-ads;0;v1;;google
таргет для инстаграма;informational;/meta-ads;0;v1|base;ae|am|az|by|de|ge|il|kg|kz|md|tj|tr|ua|us|uz;google|google-v2
таргет для инстаграмма;informational;/meta-ads;0;v1;;yandex
таргет для интернет магазина;informational;/meta-ads;0;v1;;google
таргет для кондитера;informational;/meta-ads;0;v1|niche;kz|us|uz;google|google-v2
таргет для косметолога;informational;/meta-ads;0;v1|niche;kz|us|uz;google|google-v2
таргет для косметологов;informational;/meta-ads;0;v1;;yandex
таргет для магазина одежды;informational;/meta-ads;0;v1;;google
таргет для мастера маникюра;informational;/meta-ads;0;v1;;google
таргет для мебели;informational;/meta-ads;0;v1;;google
таргет для начинающих;informational;/meta-ads;0;v1;;google
таргет для общепита;informational;/meta-ads;0;v1;;yandex
таргет для онлайн школ;informational;/meta-ads;0;v1;;google
таргет для пола;informational;/meta-ads;0;v1;;google
таргет для психолога;informational;/meta-ads;0;v1|niche;kz|us|uz;google|google-v2
таргет для психолога вк;informational;/meta-ads;0;v1;;google
таргет для репетитора;informational;/meta-ads;0;v1|niche;kz|us|uz;google|google-v2
таргет для ресторана;informational;/meta-ads;0;v1|niche;kz|us|uz;google|google-v2
таргет для рыбалки;informational;/meta-ads;0;v1;;yandex|google
таргет для сайта;informational;/meta-ads;0;v1;;google
таргет для салона красоты;informational;/meta-ads;0;v1;;google
таргет для себя;informational;/meta-ads;0;v1;;google
таргет для стоматологии;informational;/meta-ads;0;v1|niche;kz|us|uz;google|google-v2
таргет для тату мастера;informational;/meta-ads;0;v1|base|niche;ae|am|az|by|de|ge|il|kg|kz|md|tj|tr|ua|us|uz;google|google-v2
таргет для фейсбука;informational;/meta-ads;0;v1;;yandex
таргет для фотографа;informational;/meta-ads;0;v1|base|niche;ae|am|az|by|de|ge|il|kg|kz|md|tj|tr|ua|us|uz;google|google-v2
таргет для цветочного магазина;informational;/meta-ads;0;v1|base;ae|am|az|by|de|ge|il|kg|kz|md|tj|tr|ua|us|uz;google|yandex|google-v2
таргет для юриста;informational;/meta-ads;0;v1|niche;kz|us|uz;google|google-v2
таргет на англ;informational;/meta-ads;0;v1;;yandex
таргет на дрожжах;informational;/meta-ads;0;v1;;yandex
таргет реклама в инстаграм;informational;/meta-ads;0;v1;;yandex
таргет реклама в инстаграм что это;informational;/meta-ads;0;v1;;google
таргет meta ads;informational;/meta-ads;0;v1;;google
таргетинговая реклама в инстаграм;informational;/meta-ads;0;v1;;yandex
таргетированная реклама;informational;/meta-ads;0;v1|base;ae|am|az|by|de|ge|il|kg|kz|md|tj|tr|ua|us|uz;google|yandex|google-v2
таргетированная реклама агентство;informational;/meta-ads;0;v1;;google|yandex
таргетированная реклама алматы;informational;/meta-ads;1;v1;;google
таргетированная реклама астана;informational;/meta-ads;1;v1;;google|yandex
таргетированная реклама беларусь;informational;/meta-ads;1;v1;;google
таргетированная реклама бизнес;informational;/meta-ads;0;v1;;google
таргетированная реклама билайн;informational;/meta-ads;0;v1;;google
таргетированная реклама бишкек;informational;/meta-ads;1;v1;;google
таргетированная реклама в вк;informational;/meta-ads;0;v1;;yandex
таргетированная реклама в европе;informational;/meta-ads;1;v1;;google
таргетированная реклама в инстаграм;informational;/meta-ads;0;v1;;yandex
таргетированная реклама в инстаграм 2025;informational;/meta-ads;0;v1;;google
таргетированная реклама в инстаграм в россии;informational;/meta-ads;0;v1;;google
таргетированная реклама в инстаграм через фейсбук;informational;/meta-ads;0;v1;;google
таргетированная реклама в инстаграм это;informational;/meta-ads;0;v1;;google
таргетированная реклама в линкедин;informational;/meta-ads;0;v1;;google
таргетированная реклама в макс;informational;/meta-ads;0;v1;;google|yandex
таргетированная реклама в рся;informational;/meta-ads;0;v1;;google
таргетированная реклама в соцсетях;informational;/meta-ads;0;v1;;google|yandex
таргетированная реклама в соцсетях это;informational;/meta-ads;0;v1;;google
таргетированная реклама в тг;informational;/meta-ads;0;v1|base;md;google|google-v2
таргетированная реклама в facebook;informational;/meta-ads;0;v1|base;ae|am|az|by|de|ge|il|kg|kz|md|tj|tr|ua|us|uz;google|google-v2
таргетированная реклама виды;informational;/meta-ads;0;v1;;yandex
таргетированная реклама вк;informational;/meta-ads;0;v1|base;ae|am|az|by|de|ge|il|kg|kz|md|tj|tr|ua|us|uz;google|yandex|google-v2
таргетированная реклама вк примеры;informational;/meta-ads;0;v1;;google
таргетированная реклама вк это;informational;/meta-ads;0;v1;;google
таргетированная реклама где;informational;/meta-ads;0;v1;;google
таргетированная реклама где есть;informational;/meta-ads;0;v1;;google
таргетированная реклама где размещается;informational;/meta-ads;0;v1;;google|yandex
таргетированная реклама германия;informational;/meta-ads;1;v1;;google
таргетированная реклама для массажиста;informational;/meta-ads;0;v1|niche;kz|us|uz;google|google-v2
таргетированная реклама для мастера маникюра;informational;/meta-ads;0;v1;;google
таргетированная реклама для психолога;informational;/meta-ads;0;v1|infobiz|niche;ae|am|az|by|de|ge|il|kg|kz|md|tj|tr|ua|us|uz;google|google-v2
таргетированная реклама для салона красоты;informational;/meta-ads;0;v1;;google
таргетированная реклама для стоматологии;informational;/meta-ads;0;v1;;google
таргетированная реклама для фотографа;informational;/meta-ads;0;v1|niche;kz|us|uz;google|google-v2
таргетированная реклама для чайников;informational;/meta-ads;0;v1;;yandex
таргетированная реклама для b2b;informational;/meta-ads;0;v1;;google
таргетированная реклама и смм;informational;/meta-ads;0;v1;;google
таргетированная реклама инстаграм;informational;/meta-ads;0;v1|base;ae|am|az|by|de|ge|il|kg|kz|md|tj|tr|ua|us|uz;google|yandex|google-v2
таргетированная реклама инстаграм в россии;informational;/meta-ads;0;v1;;google
таргетированная реклама инстаграм через фейсбук;informational;/meta-ads;0;v1;;google
таргетированная реклама инструменты;informational;/meta-ads;0;v1;;google
таргетированная реклама как выглядит;informational;/meta-ads;0;v1;;google|yandex
таргетированная реклама как работает;informational;/meta-ads;0;v1;;google|yandex
таргетированная реклама киев;informational;/meta-ads;1;v1;;google
таргетированная реклама книга;informational;/meta-ads;0;v1;;google
таргетированная реклама купить;informational;/meta-ads;0;v1|base;ae|am|az|by|de|ge|il|kg|kz|md|tj|tr|ua|us|uz;google|yandex|google-v2
таргетированная реклама мегафон;informational;/meta-ads;0;v1;;yandex
таргетированная реклама минск;informational;/meta-ads;1;v1;;yandex
таргетированная реклама на англ;informational;/meta-ads;0;v1;;google
таргетированная реклама на сайт;informational;/meta-ads;0;v1;;google
таргетированная реклама на украинском;informational;/meta-ads;1;v1;;google
таргетированная реклама на фейсбук;informational;/meta-ads;0;v1;;google
таргетированная реклама настройка;informational;/meta-ads;0;v1;;yandex|google
таргетированная реклама недвижимости;informational;/meta-ads;0;v1;;google
таргетированная реклама от а до я;informational;/meta-ads;0;v1;;google
таргетированная реклама площадки;informational;/meta-ads;0;v1;;google
таргетированная реклама плюсы и минусы;informational;/meta-ads;0;v1;;google
таргетированная реклама по английски;informational;/meta-ads;0;v1;;google
таргетированная реклама по геолокации;informational;/meta-ads;0;v1;;google|yandex
таргетированная реклама по номеру телефона;informational;/meta-ads;0;v1;;google
таргетированная реклама преимущества;informational;/meta-ads;0;v1;;google
таргетированная реклама пример;informational;/meta-ads;0;v1|base;ae|am|az|by|de|ge|il|kg|kz|md|tj|tr|ua|us|uz;google|yandex|google-v2
таргетированная реклама примеры;informational;/meta-ads;0;v1;;yandex
таргетированная реклама прослушка;informational;/meta-ads;0;v1;;google
таргетированная реклама простыми словами;informational;/meta-ads;0;v1;;google|yandex
таргетированная реклама работа;informational;/meta-ads;0;v1;;google|yandex
таргетированная реклама рб;informational;/meta-ads;0;v1;;google
таргетированная реклама рекламный сбор;informational;/meta-ads;0;v1;;google
таргетированная реклама россия;informational;/meta-ads;0;v1;;google
таргетированная реклама рутуб;informational;/meta-ads;0;v1;;google
таргетированная реклама с чего начать;informational;/meta-ads;0;v1;;google
таргетированная реклама сайта;informational;/meta-ads;0;v1;;google
таргетированная реклама сервисы;informational;/meta-ads;0;v1;;google
таргетированная реклама смс;informational;/meta-ads;0;v1;;google
таргетированная реклама статья;informational;/meta-ads;0;v1;;google
таргетированная реклама точно в яблочко;informational;/meta-ads;0;v1;;google
таргетированная реклама ударение;informational;/meta-ads;0;v1;;google|yandex
таргетированная реклама украина;informational;/meta-ads;1;v1;;google
таргетированная реклама фб;informational;/meta-ads;0;v1;;google
таргетированная реклама фейсбук;informational;/meta-ads;0;v1;;yandex
таргетированная реклама фото;informational;/meta-ads;0;v1;;yandex
таргетированная реклама хабаровск;informational;/meta-ads;0;v1;;google
таргетированная реклама через фейсбук;informational;/meta-ads;0;v1;;google
таргетированная реклама что;informational;/meta-ads;0;v1;;yandex
таргетированная реклама что это;informational;/meta-ads;0;v1;;yandex|google
таргетированная реклама что это простыми словами;informational;/meta-ads;0;v1;;yandex|google
таргетированная реклама что это простыми словами примеры;informational;/meta-ads;0;v1;;yandex
таргетированная реклама что это такое;informational;/meta-ads;0;v1;;yandex
таргетированная реклама что это такое простыми словами;informational;/meta-ads;0;v1;;yandex
таргетированная реклама это;informational;/meta-ads;0;v1|base;ae|am|az|by|de|ge|il|kg|kz|md|tj|tr|ua|us|uz;google|yandex|google-v2
таргетированная реклама это вк;informational;/meta-ads;0;v1;;google
таргетированная реклама это как;informational;/meta-ads;0;v1;;yandex
таргетированная реклама это пример;informational;/meta-ads;0;v1;;google
таргетированная реклама это простыми словами;informational;/meta-ads;0;v1|base;ae|am|az|by|de|ge|il|kg|kz|tj|tr|ua|us|uz;google|yandex|google-v2
таргетированная реклама это простыми словами с примерами;informational;/meta-ads;0;v1;;yandex
таргетированная реклама. точно в яблочко» (с. щербаков);informational;/meta-ads;0;v1;;google
таргетная реклама в инстаграм;informational;/meta-ads;0;v1;;yandex
таргетолог;informational;/meta-ads;0;v1|base;ae|am|az|by|de|ge|il|kg|kz|md|tj|tr|ua|us|uz;google|yandex|google-v2
таргетолог актау;informational;/meta-ads;0;v1;;google
таргетолог актобе;informational;/meta-ads;0;v1;;google
таргетолог актуальность;informational;/meta-ads;0;v1;;google
таргетолог алматы;informational;/meta-ads;1;v1;;google|yandex
таргетолог алматы инстаграм;informational;/meta-ads;1;v1;;google
таргетолог англійською;informational;/meta-ads;0;v1;;google
таргетолог астана;informational;/meta-ads;1;v1;;google|yandex
таргетолог атырау;informational;/meta-ads;0;v1;;google
таргетолог баку;informational;/meta-ads;1;v1;;google
таргетолог без досвіду;informational;/meta-ads;0;v1;;google
таргетолог без досвіду вакансії;informational;/meta-ads;0;v1;;google
таргетолог без опыта;informational;/meta-ads;0;v1;;yandex
таргетолог без опыта удаленно;informational;/meta-ads;0;v1;;google
таргетолог беларусь;informational;/meta-ads;1;v1;;google
таргетолог бишкек;informational;/meta-ads;1;v1;;google
таргетолог брест;informational;/meta-ads;0;v1;;google
таргетолог в алматы;informational;/meta-ads;1;v1;;yandex
таргетолог в вк;informational;/meta-ads;0;v1;;yandex
таргетолог вакансия алматы;informational;/meta-ads;1;v1;;yandex
таргетолог вакансії;informational;/meta-ads;0;v1;;google
таргетолог вк;informational;/meta-ads;0;v1;;google|yandex
таргетолог вк это;informational;/meta-ads;0;v1;;yandex
таргетолог ворк юа;informational;/meta-ads;0;v1;;google
таргетолог где искать клиентов;informational;/meta-ads;0;v1;;google
таргетолог где найти;informational;/meta-ads;0;v1;;google
таргетолог где учиться;informational;/meta-ads;0;v1;;google
таргетолог германия;informational;/meta-ads;1;v1;;google
таргетолог гомель;informational;/meta-ads;0;v1;;google
таргетолог гродно;informational;/meta-ads;0;v1;;google
таргетолог грузия;informational;/meta-ads;1;v1;;google
таргетолог деген кім;informational;/meta-ads;0;v1;;google
таргетолог деген не;informational;/meta-ads;0;v1|base;az|us;google|google-v2
таргетолог деген эмне;informational;/meta-ads;0;v1;;google
таргетолог директолог;informational;/meta-ads;0;v1;;google
таргетолог дія;informational;/meta-ads;0;v1;;google
таргетолог для бизнеса;informational;/meta-ads;0;v1|base;ae|am|az|by|de|ge|il|kg|kz|md|tj|tr|ua|us|uz;google|google-v2
таргетолог для бьюти;informational;/meta-ads;0;v1|base;ae|am|az|by|de|ge|il|kg|kz|md|tj|tr|ua|us|uz;google|google-v2
таргетолог для вк;informational;/meta-ads;0;v1|base;ae|am|az|by|de|ge|il|kg|kz|md|tj|tr|ua|us|uz;google|google-v2
таргетолог для инстаграм;informational;/meta-ads;0;v1|base;ae|am|az|by|de|ge|il|kg|kz|md|tj|tr|ua|us|uz;google|google-v2
таргетолог для инфобизнеса;informational;/meta-ads;0;v1|base;ae|am|az|by|de|ge|il|kg|kz|md|tj|tr|ua|us|uz;google|google-v2
таргетолог для косметолога;informational;/meta-ads;0;v1|base;ae|am|az|by|de|ge|il|kg|kz|md|tj|tr|ua|us|uz;google|google-v2
таргетолог для недвижимости;informational;/meta-ads;0;v1|base;ae|am|az|by|de|ge|il|kg|kz|md|tj|tr|ua|us|uz;google|google-v2
таргетолог для психолога;informational;/meta-ads;0;v1|base;ae|am|az|by|de|ge|il|kg|kz|md|tj|tr|ua|us|uz;google|google-v2
таргетолог для тату мастера;informational;/meta-ads;0;v1|base;ae|am|az|by|de|ge|il|kg|kz|md|tj|tr|ua|us|uz;google|google-v2
таргетолог для фотографа;informational;/meta-ads;0;v1|base;ae|am|az|by|de|ge|il|kg|kz|md|tj|tr|ua|us|uz;google|google-v2
таргетолог днепр;informational;/meta-ads;0;v1;;google
таргетолог дубай;informational;/meta-ads;1;v1;;google|yandex
таргетолог европа;informational;/meta-ads;1;v1;;google
таргетолог ереван;informational;/meta-ads;1;v1;;google
таргетолог житомир;informational;/meta-ads;0;v1;;google
таргетолог за процент;informational;/meta-ads;0;v1;;google
таргетолог задачи;informational;/meta-ads;0;v1;;google
таргетолог запорожье;informational;/meta-ads;0;v1;;google
таргетолог заработок;informational;/meta-ads;0;v1;;google
таргетолог зп;informational;/meta-ads;0;v1;;yandex
таргетолог зп в казахстане;informational;/meta-ads;1;v1;;yandex
таргетолог и маркетолог;informational;/meta-ads;0;v1;;google
таргетолог и маркетолог в чем отличие;informational;/meta-ads;0;v1;;yandex
таргетолог израиль;informational;/meta-ads;1;v1;;google
таргетолог инстаграм;informational;/meta-ads;0;v1|base;ae|am|az|by|de|ge|il|kg|kz|md|tj|tr|ua|us|uz;yandex|google|google-v2
таргетолог инстаграм найти;informational;/meta-ads;0;v1;;google
таргетолог инстаграм это;informational;/meta-ads;0;v1;;google
таргетолог казахстан;informational;/meta-ads;1;v1;;google
таргетолог как стать;informational;/meta-ads;0;v1;;google
таргетолог киев;informational;/meta-ads;1;v1;;google
таргетолог кишинев;informational;/meta-ads;1;v1;;google
таргетолог кто;informational;/meta-ads;0;v1;;yandex
таргетолог кто это;informational;/meta-ads;0;v1|base;us;google|yandex|google-v2
таргетолог кто это и чем занимается;informational;/meta-ads;0;v1;;yandex
таргетолог кто это и что делает;informational;/meta-ads;0;v1;;yandex
таргетолог луцьк;informational;/meta-ads;0;v1;;google
таргетолог львів;informational;/meta-ads;0;v1;;google
таргетолог львів робота;informational;/meta-ads;0;v1;;google
таргетолог маркетолог;informational;/meta-ads;0;v1;;google|yandex
таргетолог маркетолог это;informational;/meta-ads;0;v1;;google
таргетолог мем;informational;/meta-ads;0;v1;;google
таргетолог мета;informational;/meta-ads;0;v1;;google
таргетолог минск;informational;/meta-ads;1;v1;;google|yandex
таргетолог могилев;informational;/meta-ads;0;v1;;google
таргетолог молдова;informational;/meta-ads;1;v1;;google
таргетолог москва;informational;/meta-ads;0;v1;;google|yandex
таргетолог москва инстаграм;informational;/meta-ads;0;v1;;google
таргетолог на немецком;informational;/meta-ads;0;v1;;google
таргетолог навчання;informational;/meta-ads;0;v1;;google
таргетолог навчання ціна;informational;/meta-ads;0;v1;;google
таргетолог найти;informational;/meta-ads;0;v1;;google|yandex
таргетолог нетология;informational;/meta-ads;0;v1;;google
таргетолог николаев;informational;/meta-ads;0;v1;;google
таргетолог нима;informational;/meta-ads;0;v1|base;ae|am|az|by|de|ge|il|kg|kz|md|tj|tr|ua|uz;google|google-v2
таргетолог нпд;informational;/meta-ads;0;v1;;google
таргетолог обов'язки;informational;/meta-ads;0;v1;;google
таргетолог обязанности;informational;/meta-ads;0;v1;;google|yandex
таргетолог олх;informational;/meta-ads;0;v1;;google|yandex
таргетолог павлодар;informational;/meta-ads;0;v1;;google
таргетолог пермь;informational;/meta-ads;0;v1;;google
таргетолог плюсы и минусы;informational;/meta-ads;0;v1;;google
таргетолог по английски;informational;/meta-ads;0;v1;;google
таргетолог польша;informational;/meta-ads;0;v1;;google
таргетолог портфолио;informational;/meta-ads;0;v1;;google
таргетолог послуги;informational;/meta-ads;0;v1;;google
таргетолог прага;informational;/meta-ads;0;v1;;google
таргетолог простыми словами;informational;/meta-ads;0;v1;;google|yandex
таргетолог работа;informational;/meta-ads;0;v1;;google|yandex
таргетолог работа алматы;informational;/meta-ads;1;v1;;yandex
таргетолог работа киев;informational;/meta-ads;1;v1;;google
таргетолог работа минск;informational;/meta-ads;1;v1;;google
таргетолог работа удаленно;informational;/meta-ads;0;v1;;google
таргетолог работа юа;informational;/meta-ads;0;v1;;google
таргетолог развод;informational;/meta-ads;0;v1;;google
таргетолог рб;informational;/meta-ads;0;v1;;google
таргетолог реклама;informational;/meta-ads;0;v1;;google
таргетолог реклама на себя;informational;/meta-ads;0;v1;;google
таргетолог россия;informational;/meta-ads;0;v1;;google
таргетолог с кейсами;informational;/meta-ads;0;v1;;yandex
таргетолог сайт;informational;/meta-ads;0;v1;;google
таргетолог скиллбокс;informational;/meta-ads;0;v1;;yandex
таргетолог скільки заробляє;informational;/meta-ads;0;v1;;google
таргетолог сложно ли;informational;/meta-ads;0;v1;;google
таргетолог смм;informational;/meta-ads;0;v1;;google
таргетолог смм специалист;informational;/meta-ads;0;v1;;google
таргетолог стажер удаленно;informational;/meta-ads;0;v1|base;ae|am|az|by|de|ge|il|kg|kz|md|tj|tr|ua|us|uz;google|google-v2
таргетолог сша;informational;/meta-ads;1;v1;;google
таргетолог таллинн;informational;/meta-ads;0;v1;;google
таргетолог тараз;informational;/meta-ads;0;v1;;google
таргетолог ташкент;informational;/meta-ads;1;v1|base;ae|am|az|by|de|ge|il|kg|kz|md|tj|tr|ua|us|uz;google|google-v2
таргетолог тбилиси;informational;/meta-ads;1;v1;;google
таргетолог тг;informational;/meta-ads;0;v1;;yandex
таргетолог тг адс;informational;/meta-ads;0;v1;;google
таргетолог тирасполь;informational;/meta-ads;0;v1;;google
таргетолог требуется;informational;/meta-ads;0;v1;;google|yandex
таргетолог удаленно;informational;/meta-ads;0;v1|base;ae|am|az|by|de|ge|il|kg|kz|md|tj|tr|ua|us|uz;google|yandex|google-v2
таргетолог удаленно без опыта;informational;/meta-ads;0;v1|base;ae|am|az|by|de|ge|il|kg|kz|md|tj|tr|ua|us|uz;google|google-v2
таргетолог удаленно казахстан;informational;/meta-ads;1;v1|base;ae|am|az|by|de|ge|il|kg|kz|md|tj|tr|ua|us|uz;google|google-v2
таргетолог узбекистан;informational;/meta-ads;1;v1;;google
таргетолог украина;informational;/meta-ads;1;v1;;google
таргетолог украина работа;informational;/meta-ads;1;v1;;google
таргетолог уральск;informational;/meta-ads;0;v1;;google
таргетолог усть каменогорск;informational;/meta-ads;0;v1;;google
таргетолог уфа;informational;/meta-ads;0;v1;;google
таргетолог фейсбук;informational;/meta-ads;0;v1;;google
таргетолог форум;informational;/meta-ads;0;v1;;google
таргетолог фото;informational;/meta-ads;0;v1;;google|yandex
таргетолог фриланс;informational;/meta-ads;0;v1;;google
таргетолог фрилансер;informational;/meta-ads;0;v1;;google
таргетолог функции;informational;/meta-ads;0;v1;;google
таргетолог хабаровск;informational;/meta-ads;0;v1;;google
таргетолог харьков;informational;/meta-ads;0;v1;;google
таргетолог хмельницький;informational;/meta-ads;0;v1;;google
таргетолог хто це;informational;/meta-ads;0;v1;;google
таргетолог хто це такий;informational;/meta-ads;0;v1;;google
таргетолог хх;informational;/meta-ads;0;v1;;google
таргетолог хх ру;informational;/meta-ads;0;v1;;google
таргетолог це;informational;/meta-ads;0;v1|base;ae|am|az|by|de|ge|il|kg|kz|md|tj|tr|ua|us|uz;google|google-v2
таргетолог це простими словами;informational;/meta-ads;0;v1;;google
таргетолог це що;informational;/meta-ads;0;v1;;google
таргетолог ціна;informational;/meta-ads;0;v1;;google
таргетолог ціни на послуги;informational;/meta-ads;0;v1;;google
таргетолог челябинск;informational;/meta-ads;0;v1;;google
таргетолог чем занимается;informational;/meta-ads;0;v1|base;us;google|yandex|google-v2
таргетолог черкаси;informational;/meta-ads;0;v1;;google
таргетолог чернівці;informational;/meta-ads;0;v1;;google
таргетолог чехия;informational;/meta-ads;0;v1;;google
таргетолог что делает;informational;/meta-ads;0;v1;;yandex
таргетолог что должен уметь;informational;/meta-ads;0;v1;;google
таргетолог что сдавать;informational;/meta-ads;0;v1;;google
таргетолог что это;informational;/meta-ads;0;v1;;yandex|google
таргетолог что это такое простыми словами;informational;/meta-ads;0;v1;;yandex
таргетолог шукаю;informational;/meta-ads;0;v1;;google
таргетолог это;informational;/meta-ads;0;v1|base;ae|am|az|by|de|ge|il|kg|kz|md|tj|tr|ua|us|uz;google|yandex|google-v2
таргетолог это кто;informational;/meta-ads;0;v1;;yandex
таргетолог это кто и чем занимается;informational;/meta-ads;0;v1|base;ae|am|by|de|ge|il|kg|kz|md|tj|tr|ua|us|uz;google|google-v2
таргетолог это кто и чем занимается простыми словами;informational;/meta-ads;0;v1;;yandex
таргетолог это маркетолог;informational;/meta-ads;0;v1;;google
таргетолог это простыми словами;informational;/meta-ads;0;v1|base;ae|am|by|de|ge|il|kg|kz|md|tj|tr|ua|us|uz;google|yandex|google-v2
таргетолог это смм;informational;/meta-ads;0;v1;;google
таргетолог як стати;informational;/meta-ads;0;v1;;google
таргетолог ярославль;informational;/meta-ads;0;v1;;google
таргетолог instagram;informational;/meta-ads;0;v1;;google
таргетолог meta;informational;/meta-ads;0;v1;;google
таргетолог meta ads;informational;/meta-ads;0;v1;;google
таргетологи;informational;/meta-ads;0;v1|base;az;yandex|google-v2
таргетологи вк;informational;/meta-ads;0;v1;;yandex
таргетологи это;informational;/meta-ads;0;v1;;yandex
таргетология что это;informational;/meta-ads;0;v1;;yandex
таргетология это;informational;/meta-ads;0;v1;;yandex
трафик для инстаграм;informational;/meta-ads;0;v1;;google
требуется таргетолог казахстан;informational;/meta-ads;1;v1;;yandex
требуется таргетолог удаленно;informational;/meta-ads;0;v1|base;uz;google|google-v2
фас реклама в инстаграм;informational;/meta-ads;0;v1;;yandex
фас россии реклама в инстаграм;informational;/meta-ads;0;v1;;google
фриланс таргетолог это;informational;/meta-ads;0;v1;;google
хештеги для продвижения в инстаграм;informational;/meta-ads;0;v1;;yandex
хороший таргетолог;informational;/meta-ads;0;v1;;google
чем грозит реклама в инстаграм;informational;/meta-ads;0;v1;;google
через meta ads manager;informational;/meta-ads;0;v1;;google
что делает таргетолог инстаграм;informational;/meta-ads;0;v1;;google
эффективна ли реклама в инстаграм;informational;/meta-ads;0;v1;;google
эффективная реклама в инстаграм;informational;/meta-ads;0;v1;;google
я таргетолог;informational;/meta-ads;0;v1;;google
як працює реклама в фейсбук;informational;/meta-ads;0;v1;;google
app installs meta ads;informational;/meta-ads;0;apps;ae|am|az|by|de|ge|il|kg|kz|md|tj|tr|ua|us|uz;google-v2
consultant meta ads;informational;/meta-ads;0;v1;;google
conversions api facebook;informational;/meta-ads;0;v1|base;ae|am|az|by|de|ge|il|kg|kz|md|tj|ua|us|uz;google|google-v2
conversions api meta;informational;/meta-ads;0;v1|base;ae|am|az|by|de|ge|il|kg|kz|md|tj|ua|us|uz;google|google-v2
conversions api token meta;informational;/meta-ads;0;v1|base;ae|am|az|by|de|ge|il|kg|kz|md|tj|tr|ua|us|uz;google|google-v2
enhanced conversions meta;informational;/meta-ads;0;v1;;google
expert meta ads;informational;/meta-ads;0;v1;;google
facebook ads manager управление рекламой в инстаграм;informational;/meta-ads;0;v1;;google
facebook meta ads;informational;/meta-ads;0;v1;;yandex
hh таргетолог удаленно;informational;/meta-ads;0;v1|base;ae|am|az|by|de|ge|il|kg|kz|md|tj|tr|ua|us|uz;google|google-v2
meta ads;informational;/meta-ads;0;v1|base;ae|am|az|by|de|ge|il|kg|kz|md|tj|tr|ua|us|uz;google|yandex|google-v2
meta ads библиотека;informational;/meta-ads;0;v1;;google
meta ads в россии;informational;/meta-ads;0;v1;;google
meta ads вход;informational;/meta-ads;0;v1;;google|yandex
meta ads как пользоваться;informational;/meta-ads;0;v1;;google
meta ads менеджер;informational;/meta-ads;0;v1;;yandex
meta ads поддержка;informational;/meta-ads;0;v1;;google
meta ads регистрация;informational;/meta-ads;0;v1;;google
meta ads реклама;informational;/meta-ads;0;v1;;google
meta ads це;informational;/meta-ads;0;v1|base;ua;google|google-v2
meta ads что это;informational;/meta-ads;0;v1;;google|yandex
meta ads що це;informational;/meta-ads;0;v1;;google
meta ads що це таке;informational;/meta-ads;0;v1;;google
meta ads это;informational;/meta-ads;0;v1|base;ae|am|az|by|de|ge|il|kg|kz|md|tj|tr|ua|us|uz;google|yandex|google-v2
meta ads api;informational;/meta-ads;0;v1;;google
meta ads app install;informational;/meta-ads;0;apps;ae|am|az|by|de|ge|il|kg|kz|md|tj|tr|ua|us|uz;google-v2
meta ads app promotion;informational;/meta-ads;0;apps;ae|am|az|by|de|ge|il|kg|kz|md|tj|tr|ua|us|uz;google-v2
meta ads b;informational;/meta-ads;0;v1;;google
meta ads b roll;informational;/meta-ads;0;v1;;google
meta ads c'est quoi;informational;/meta-ads;0;v1;;google
meta ads cli;informational;/meta-ads;0;v1|base;ae|am|az|by|de|ge|il|kg|kz|md|us|uz;google|google-v2
meta ads coursera;informational;/meta-ads;0;v1;;yandex
meta ads d;informational;/meta-ads;0;v1;;google
meta ads e;informational;/meta-ads;0;v1;;google
meta ads e claude;informational;/meta-ads;0;v1;;google
meta ads e commerce;informational;/meta-ads;0;v1;;google
meta ads e learning;informational;/meta-ads;0;v1;;google
meta ads e manus;informational;/meta-ads;0;v1;;google
meta ads e pago;informational;/meta-ads;0;v1;;google
meta ads ebook;informational;/meta-ads;0;v1;;google
meta ads f;informational;/meta-ads;0;v1;;google
meta ads instagram;informational;/meta-ads;0;v1|base;ae|am|az|by|ge|il|kg|kz|md|tj|tr|us|uz;google|yandex|google-v2
meta ads library;informational;/meta-ads;0;v1|base;ae|am|az|by|de|ge|il|kg|kz|md|tj|tr|ua|us|uz;google|yandex|google-v2
meta ads library сайт;informational;/meta-ads;0;v1;;yandex
meta ads logo;informational;/meta-ads;0;v1|base;tj|tr|ua;yandex|google-v2
meta ads manager;informational;/meta-ads;0;v1|base;ae|am|az|by|de|ge|il|kg|kz|md|tj|tr|ua|us|uz;google|yandex|google-v2
meta ads manager вход;informational;/meta-ads;0;v1;;yandex
meta ads manager инстаграм;informational;/meta-ads;0;v1;;yandex
meta ads manager как пользоваться;informational;/meta-ads;0;v1;;google
meta ads manager радиус;informational;/meta-ads;0;v1;;google
meta ads manager регистрация;informational;/meta-ads;0;v1;;google
meta ads manager сайт;informational;/meta-ads;0;v1;;yandex
meta ads manager це;informational;/meta-ads;0;v1;;google
meta ads manager что это;informational;/meta-ads;0;v1;;google
meta ads manager это;informational;/meta-ads;0;v1;;google
meta ads manager facebook;informational;/meta-ads;0;v1;;yandex
meta ads manager giriş;informational;/meta-ads;0;v1;;yandex
meta ads manager instagram;informational;/meta-ads;0;v1|base;ae|am|az|by|de|ge|il|kg|kz|md|tj|tr|ua|us|uz;google|yandex|google-v2
meta ads manager login;informational;/meta-ads;0;base;de;google-v2
meta ads mcp;informational;/meta-ads;0;v1|base;ae|am|az|by|de|ge|il|kg|kz|md|tj|tr|ua|us|uz;google|yandex|google-v2
meta ads specs;informational;/meta-ads;0;v1;;google
meta ads support;informational;/meta-ads;0;v1;;google
meta ads t;informational;/meta-ads;0;v1;;google
meta ads t shirt;informational;/meta-ads;0;v1;;google
meta ads x;informational;/meta-ads;0;v1;;google
meta ads x claude;informational;/meta-ads;0;v1;;google
meta ads x shopee;informational;/meta-ads;0;v1;;google
meta ads x shopee affiliate;informational;/meta-ads;0;v1;;google
meta ads.c;informational;/meta-ads;0;v1;;google
meta capi;informational;/meta-ads;0;v1;;google|yandex
meta capi crm;informational;/meta-ads;0;v1;;google
meta capi documentation;informational;/meta-ads;0;v1;;google
meta capi kommo;informational;/meta-ads;0;v1;;google
meta capi logo;informational;/meta-ads;0;v1;;google
meta capital;informational;/meta-ads;0;v1;;google
meta capital expenditures 2026;informational;/meta-ads;0;v1;;google
meta capital llc;informational;/meta-ads;0;v1;;google
meta capital mmc;informational;/meta-ads;0;v1;;google
meta capitalization;informational;/meta-ads;0;v1;;google
meta pixel;informational;/meta-ads;0;v1|base;ae|am|az|by|de|ge|il|kg|kz|md|tj|tr|ua|us|uz;google|yandex|google-v2
meta pixel что это;informational;/meta-ads;0;v1|base;ae|am|az|by|de|ge|il|kg|kz|md|tj|tr|ua|us|uz;google|yandex|google-v2
meta pixel code;informational;/meta-ads;0;v1|base;ae|am|az|by|de|ge|il|kg|kz|md|tj|tr|ua|us|uz;google|google-v2
meta pixel events;informational;/meta-ads;0;v1;;google
meta pixel helper;informational;/meta-ads;0;v1|base;ae|am|az|by|de|ge|il|kg|kz|md|tj|tr|ua|us|uz;google|yandex|google-v2
meta pixel helper для chrome;informational;/meta-ads;0;base;az|de;google-v2
meta pixel helper расширение;informational;/meta-ads;0;v1|base;ae|am|by|ge|il|kg|kz|md|tj|tr|ua|us|uz;google|google-v2
meta pixel helper chrome;informational;/meta-ads;0;v1|base;ae|am|by|ge|il|kg|kz|md|tj|tr|ua|us|uz;google|google-v2
meta pixel helper chrome extension;informational;/meta-ads;0;v1|base;ae|am|az|by|de|ge|il|kg|kz|md|tj|tr|ua|us|uz;google|google-v2
meta pixel helper chrome web store;informational;/meta-ads;0;v1|base;ae|am|az|by|de|ge|il|kg|kz|md|tj|tr|ua|us|uz;google|google-v2
meta pixel helper download;informational;/meta-ads;0;v1|base;az|de;google|google-v2
meta pixel id;informational;/meta-ads;0;v1|base;ae|am|az|by|de|ge|il|kg|kz|md|tj|tr|ua|us|uz;google|google-v2
meta pixel is unavailable. go to events manager to learn more;informational;/meta-ads;0;v1;;google
offline conversions meta ads;informational;/meta-ads;0;v1;;google
professional meta ads;informational;/meta-ads;0;v1;;google
professional meta ads manager;informational;/meta-ads;0;v1;;google
r/meta ads;informational;/meta-ads;0;v1;;google
specialist meta ads;informational;/meta-ads;0;v1;;google
видео реклама приложения;informational;/meta-apps;0;v1;;google
вк реклама мобильные приложения;informational;/meta-apps;0;v1;;google
вк реклама приложение;informational;/meta-apps;0;v1;;yandex
для установки приложения сбербанк нужен паспорт;informational;/meta-apps;0;v1|apps;ae|am|az|by|de|ge|il|kg|kz|md|tj|tr|ua|us|uz;google|google-v2
купить установки приложения;informational;/meta-apps;0;v1;;yandex
от какого приложения реклама на телефоне;informational;/meta-apps;0;v1;;google
ошибка установки приложения онлайн;informational;/meta-apps;0;v1|apps;ae|am|az|by|de|ge|il|kg|kz|md|tj|tr|ua|us|uz;google|google-v2
после установки приложения не появляется иконка;informational;/meta-apps;0;v1;;google
продвижение мобильного приложения;informational;/meta-apps;0;v1|apps;ae|am|az|by|de|ge|il|kg|kz|md|tj|tr|ua|us|uz;google|yandex|google-v2
продвижение мобильной игры;informational;/meta-apps;0;v1|apps;ae|am|az|by|de|ge|il|kg|kz|md|tj|tr|ua|us|uz;google|google-v2
продвижение мобильных приложений;informational;/meta-apps;0;v1|apps;ae|am|az|by|de|ge|il|kg|kz|md|tj|tr|ua|us|uz;yandex|google|google-v2
продвижение мобильных приложений в соцсетях;informational;/meta-apps;0;v1;;yandex
продвижение мобильных приложений вк реклама;informational;/meta-apps;0;v1|apps;ae|am|az|by|de|ge|il|kg|kz|md|tj|tr|ua|us|uz;google|google-v2
продвижение приложения;informational;/meta-apps;0;v1|apps;ae|am|az|by|de|ge|il|kg|kz|md|tj|tr|ua|us|uz;google|yandex|google-v2
продвижение приложения в app store;informational;/meta-apps;0;v1|apps;ae|am|az|by|de|ge|il|kg|kz|md|tj|tr|ua|us|uz;google|google-v2
продвижение приложения в facebook;informational;/meta-apps;0;v1;;google
продвижение приложения в google play;informational;/meta-apps;0;v1|apps;ae|am|az|by|de|ge|il|kg|kz|md|tj|tr|ua|us|uz;google|yandex|google-v2
разработка и продвижение мобильных приложений для ios;informational;/meta-apps;0;v1;;yandex
раскрутка и продвижение мобильных приложений в google play и appstore;informational;/meta-apps;0;v1;;yandex
реклама в google play;informational;/meta-apps;0;v1;;google
реклама для мобильного приложения;informational;/meta-apps;0;v1;;google
реклама для приложения;informational;/meta-apps;0;v1;;google
реклама для установки. кондиционера;informational;/meta-apps;0;v1;;google
реклама мобильного приложения;informational;/meta-apps;0;v1|apps;ae|am|az|by|de|ge|il|kg|kz|md|tj|tr|ua|us|uz;google|yandex|google-v2
реклама мобильного приложения пример;informational;/meta-apps;0;v1|apps;ae|am|az|by|de|ge|il|kg|kz|md|tj|tr|ua|us|uz;google|google-v2
реклама мобильной игры;informational;/meta-apps;0;v1|apps;ae|am|az|by|de|ge|il|kg|kz|md|tj|tr|ua|us|uz;google|yandex|google-v2
реклама мобильных приложений;informational;/meta-apps;0;v1;;yandex
реклама приложения;informational;/meta-apps;0;v1|apps;ae|am|az|by|de|ge|il|kg|kz|md|tj|tr|ua|us|uz;google|yandex|google-v2
реклама приложения в инстаграм;informational;/meta-apps;0;v1|apps;ae|am|az|by|de|ge|il|kg|kz|md|tj|tr|ua|us|uz;google|google-v2
реклама приложения в app store;informational;/meta-apps;0;v1;;google
реклама приложения в facebook;informational;/meta-apps;0;v1|apps;ae|am|az|by|de|ge|il|kg|kz|md|tj|tr|ua|us|uz;google|google-v2
реклама приложения в google play;informational;/meta-apps;0;v1|apps;ae|am|az|by|de|ge|il|kg|kz|md|tj|tr|ua|us|uz;google|yandex|google-v2
реклама приложения вк;informational;/meta-apps;0;v1;;google
реклама приложения где мои дети;informational;/meta-apps;0;v1;;yandex|google
реклама приложения гол;informational;/meta-apps;0;v1|apps;ae|am|az|by|de|ge|il|kg|kz|md|tj|tr|ua|us|uz;google|yandex|google-v2
реклама приложения для знакомств;informational;/meta-apps;0;v1|apps;ae|am|az|by|de|ge|il|kg|kz|md|tj|tr|ua|us|uz;google|google-v2
реклама приложения для изучения английского;informational;/meta-apps;0;v1;;yandex
реклама приложения звук;informational;/meta-apps;0;v1|apps;ae|am|az|by|de|ge|il|kg|kz|md|tj|tr|ua|us|uz;google|yandex|google-v2
реклама приложения макс;informational;/meta-apps;0;v1|apps;ae|am|az|by|de|ge|il|kg|kz|md|tj|tr|ua|us|uz;google|yandex|google-v2
реклама приложения макс текст;informational;/meta-apps;0;v1|apps;ae|am|az|by|de|ge|il|kg|kz|md|tj|tr|ua|us|uz;google|yandex|google-v2
реклама приложения мах;informational;/meta-apps;0;v1;;yandex
реклама приложения мульт;informational;/meta-apps;0;v1;;yandex
реклама приложения танго;informational;/meta-apps;0;v1|apps;kg;google|google-v2
реклама приложения топ топ;informational;/meta-apps;0;v1;;yandex
реклама приложения max;informational;/meta-apps;0;v1|apps;kg;google|yandex|google-v2
реклама приложения pure;informational;/meta-apps;0;v1|apps;ae|am|az|by|de|ge|il|kz|md|tj|tr|ua|us|uz;google|google-v2
реклама приложения tango;informational;/meta-apps;0;v1|apps;ae|am|az|by|de|ge|il|kg|kz|md|tj|tr|ua|us|uz;google|yandex|google-v2
сбой установки приложения;informational;/meta-apps;0;v1|apps;ae|am|az|by|de|ge|il|kg|kz|md|tj|tr|ua|us|uz;google|google-v2
трафик на приложение;informational;/meta-apps;0;v1;;yandex
установки приложения;informational;/meta-apps;0;v1|apps;ae|am|az|by|de|ge|il|kg|kz|md|tj|tr|ua|us|uz;google|google-v2
установки приложения мчс россии и подключения к каналу рсчс свердловская область в мессенджере макс;informational;/meta-apps;0;v1;;yandex
adjust;informational;/meta-apps;0;v1|apps;ae|am|az|by|de|ge|il|kg|kz|md|tj|tr|ua|us|uz;google|yandex|google-v2
adjust meaning;informational;/meta-apps;0;v1|apps;ae|am|az|by|de|ge|il|kg|kz|md|tr|us|uz;google|google-v2
adjustment;informational;/meta-apps;0;v1|apps;ae|am|az|by|de|ge|il|kg|kz|md|tj|tr|us|uz;google|yandex|google-v2
adjustment l805;informational;/meta-apps;0;v1;;yandex
adjustment program;informational;/meta-apps;0;v1|apps;ae|am|az|by|de|ge|il|kg|kz|md|tj|tr|ua|us|uz;google|yandex|google-v2
adjustment program epson;informational;/meta-apps;0;v1|apps;ae|am|az|by|ge|il|kg|kz|md|tj|tr|ua|us|uz;google|yandex|google-v2
adjustment program epson l805;informational;/meta-apps;0;v1|apps;ae|am|az|by|de|ge|il|kg|kz|md|tj|tr|us|uz;google|yandex|google-v2
adjustment program for epson l1210 l3210 l3250 l3251 l3260 l5290;informational;/meta-apps;0;v1;;yandex
appsflyer;informational;/meta-apps;0;v1|apps;ae|am|az|by|de|ge|il|kg|kz|md|tj|tr|ua|us|uz;google|yandex|google-v2
appsflyer вход;informational;/meta-apps;0;v1;;yandex
appsflyer сертификат;informational;/meta-apps;0;v1;;yandex
appsflyer что это;informational;/meta-apps;0;v1|apps;md;yandex|google-v2
appsflyer это;informational;/meta-apps;0;v1|apps;ae|am|az|by|de|ge|il|kg|kz|tj|tr|ua|us|uz;google|google-v2
appsflyer api;informational;/meta-apps;0;v1|apps;ae|am|az|by|de|ge|il|kg|kz|md|tj|tr|ua|us|uz;google|google-v2
appsflyer careers;informational;/meta-apps;0;v1|apps;ae|am|az|by|de|ge|il|kg|kz|md|tj|tr|ua|us|uz;google|google-v2
appsflyer docs;informational;/meta-apps;0;v1;;google
appsflyer flutter;informational;/meta-apps;0;v1;;google
appsflyer ios sdk;informational;/meta-apps;0;v1|apps;ae|am|az|by|de|ge|il|kg|kz|md|tj|tr|ua|us|uz;google|google-v2
appsflyer login;informational;/meta-apps;0;v1|apps;ae|am|az|by|de|ge|il|kg|kz|md|tj|tr|ua|us|uz;yandex|google|google-v2
appsflyer mmp;informational;/meta-apps;0;v1;;google
appsflyer onelink;informational;/meta-apps;0;v1|apps;ae|am|az|by|de|ge|il|kg|kz|md|tj|tr|ua|us|uz;google|yandex|google-v2
appsflyer pricing;informational;/meta-apps;0;v1|apps;ae|am|az|by|de|ge|il|kg|kz|md|tj|tr|ua|us|uz;google|google-v2
appsflyer sdk;informational;/meta-apps;0;v1|apps;ae|am|az|by|de|ge|il|kg|kz|md|tj|tr|ua|us|uz;yandex|google|google-v2
appsflyer unity;informational;/meta-apps;0;v1;;yandex
appsflyer unity sdk;informational;/meta-apps;0;v1|apps;ae|am|az|by|de|ge|il|kg|kz|md|tj|tr|ua|us|uz;google|google-v2
appsflyer.com;informational;/meta-apps;0;v1;;yandex
appsflyersdk что это;informational;/meta-apps;0;v1;;yandex
aso оптимизация;informational;/meta-apps;0;v1;;google|yandex
aso оптимизация приложения;informational;/meta-apps;0;v1;;google|yandex
aso оптимизация приложения revexo ru;informational;/meta-apps;0;v1;;yandex
aso оптимизация это;informational;/meta-apps;0;v1;;google|yandex
aso оптимизация google play;informational;/meta-apps;0;v1;;google
aso продвижение мобильных приложений;informational;/meta-apps;0;v1|apps;ae|am|az|by|de|ge|il|kg|kz|md|tj|tr|ua|us|uz;yandex|google|google-v2
aso nima;informational;/meta-apps;0;v1|apps;ae|am|az|by|de|ge|il|kg|kz|md|tj|tr|us|uz;google|google-v2
cpi когда;informational;/meta-apps;0;v1|apps;ae|am|az|by|de|ge|il|kg|md|tj|tr|us|uz;google|google-v2
cpi на мышке что это;informational;/meta-apps;0;v1;;yandex
cpi приложения;informational;/meta-apps;0;v1|apps;ae|am|az|by|de|ge|il|kg|kz|md|tj|tr|ua|us|uz;google|google-v2
cpi сша сегодня;informational;/meta-apps;1;v1;;yandex
cpi что это;informational;/meta-apps;0;v1;;yandex
cpi это;informational;/meta-apps;0;v1|apps;ae|am|az|by|de|ge|il|kg|kz|md|tj|tr|ua|us|uz;google|google-v2
cpi formula;informational;/meta-apps;0;v1|apps;kz;google|google-v2
cpi news;informational;/meta-apps;0;v1|apps;ae|am|az|by|de|ge|il|kg|md|tj|tr|us|uz;google|google-v2
cpi news today;informational;/meta-apps;0;v1;;google
cpi nima;informational;/meta-apps;0;v1|apps;ae|am|az|by|de|ge|il|kg|md|tj|tr|us|uz;google|google-v2
cpi rate;informational;/meta-apps;0;v1|apps;ae|am|az|by|de|ge|il|kg|md|tj|tr|us|uz;google|google-v2
google ads приложение;informational;/meta-apps;0;v1;;google
google ads реклама приложений;informational;/meta-apps;0;v1;;google
head of user acquisition;informational;/meta-apps;0;v1;;yandex
junior user acquisition manager;informational;/meta-apps;0;v1;;yandex
mmp это;informational;/meta-apps;0;apps;kz|tr;google-v2
mmp smsc что это;informational;/meta-apps;0;v1|apps;ae|am|az|by|de|ge|il|kg|md|tj|us|uz;google|google-v2
sideloadly вылетает при попытке установки приложения;informational;/meta-apps;0;v1;;yandex
skadnetwork appsflyer;informational;/meta-apps;0;apps;ae|am|az|by|de|ge|il|kg|kz|md|tj|tr|ua|us|uz;google-v2
user acquisition;informational;/meta-apps;0;v1|apps;ae|am|az|by|de|ge|il|kg|kz|md|tj|tr|ua|us|uz;google|yandex|google-v2
user acquisition это;informational;/meta-apps;0;v1|apps;ae|am|az|by|de|ge|il|kg|kz|md|tj|tr|ua|us|uz;google|yandex|google-v2
user acquisition course;informational;/meta-apps;0;v1;;google
user acquisition lead;informational;/meta-apps;0;v1;;google
user acquisition manager;informational;/meta-apps;0;v1|apps;ae|am|az|by|de|ge|il|kg|kz|md|tj|tr|ua|us|uz;google|yandex|google-v2
user acquisition manager кто это;informational;/meta-apps;0;v1;;yandex
user acquisition manager это;informational;/meta-apps;0;v1|apps;ae|am|az|by|de|ge|il|kg|kz|md|tj|tr|ua|us|uz;google|google-v2
user acquisition manager jobs;informational;/meta-apps;0;v1;;google
user acquisition specialist;informational;/meta-apps;0;v1;;google
окупаемость рекламы;informational;/roi-calculator;0;base;ae|am|az|by|de|ge|il|kg|kz|md|tj|tr|ua|us|uz;google-v2
окупаемость рекламы это;informational;/roi-calculator;0;base;ae|am|az|by|de|ge|il|kg|kz|md|tj|tr|ua|us|uz;google-v2
показатель обозначающий окупаемость рекламы;informational;/roi-calculator;0;base;ae|am|az|by|de|ge|il|kg|kz|md|tj|tr|ua|us|uz;google-v2
roas це;informational;/roi-calculator;0;base;ua;google-v2
roas это;informational;/roi-calculator;0;v1|base;ae|am|by|de|ge|il|kg|kz|md|tj|tr|ua|us|uz;google|google-v2
roi рекламы;informational;/roi-calculator;0;v1;;google|yandex
roi рекламы это;informational;/roi-calculator;0;v1;;google|yandex
romi это;informational;/roi-calculator;0;v1|base;am|by|de|ge|il|kg|md|tj|tr|ua|us|uz;google|google-v2
romi agency;informational;/roi-calculator;0;base;il;google-v2
romi gonen;informational;/roi-calculator;0;base;il;google-v2
romi park;informational;/roi-calculator;0;v1;;yandex
romi rain instagram;informational;/roi-calculator;0;base;ae|am|by|de|ge|kg|kz|md|tj|tr|ua|us|uz;google-v2
